word,count
地狱,19
野草,18
孩子,17
人类,16
终于,15
一九二五年,15
希望,15
四面,14
几个,14
风筝,13
青年,12
记得,12
声音,12
青春,12
地上,11
眼前,11
女孩,11
仿佛,11
鲁迅,11
这是,10
听到,10
天空,10
人间,10
故事,10
梦见,9
神之子,9
欢喜,9
黑暗,9
一点,9
只得,9
走路,9
咒诅,8
不知,8
休息,8
布施,8
眼睛,8
灰土,8
空虚,8
魔鬼,8
生命,7
一种,7
灭亡,7
地方,7
眼泪,7
一会,7
求乞,7
冰谷,7
聪明人,7
空中,7
身外,7
本书,7
暗夜,7
主人,7
复仇,6
悲悯,6
悲哀,6
一九二四年,6
不愿,6
朋友,6
自然,6
温热,6
拥抱,6
杀戮,6
颜色,6
可惜,6
战士,6
投枪,6
无物,6
举起,6
中央,6
一处,6
太阳,6
姑娘,6
不行,6
憎恶,6
不理,6
方法,6
先前,6
生存,6
死亡,6
题辞,6
失掉,6
颤动,6
惊异,6
魂灵,6
一篇,6
穿透,5
十二月,5
我要,5
皮肤,5
永远,5
旷野,5
干枯,5
凝视,5
一同,5
模样,5
点头,5
墓碣,5
过客,5
一间,5
好处,5
走出,5
实在,5
感激,5
平安,5
枣树,5
奇怪,5
叶子,5
暗暗,5
一声,5
忽而,5
可怜,5
微风,5
青白,5
火焰,5
地说,5
日光,5
有人,5
蝴蝶,5
傻子,5
奴才,5
血痕,5
天地,5
苦痛,5
渺茫,5
寂寞,5
逝去,5
作者,5
粗暴,5
四月,4
以色列,4
不肯,4
永久,4
丁丁,4
痛楚,4
两个,4
身上,4
告别,4
不乐意,4
彷徨,4
沉没,4
二十四日,4
蛊惑,4
利刃,4
冰冷,4
嘴唇,4
全身,4
之上,4
也许,4
各样,4
微笑,4
离开,4
老翁,4
坐在,4
东西,4
阿阿,4
不见得,4
老丈,4
称呼,4
多谢,4
这于,4
沉默,4
早已,4
告诉,4
要死,4
闪闪地,4
目夹,4
红花,4
月亮,4
空气,4
灯火,4
喷出,4
摇动,4
死火,4
留下,4
发表,4
欢欣,4
失恋,4
爱人,4
翻脸,4
何故,4
不幸,4
淡淡的,4
朽腐,4
吸取,4
白云,4
深夜,4
小屋,4
波涛,4
荒野,4
美丽,4
造物主,4
地使,4
风轮,4
鬼魂,4
美的,4
背后,3
分明,3
玩味,3
地想,3
舒服,3
虚空,3
强盗,3
人之子,3
将来,3
消失,3
黄昏,3
黎明,3
九月,3
拼命,3
飞扬,3
极致,3
对立,3
广漠,3
伸长,3
脖子,3
无聊,3
毛孔,3
慢慢,3
其间,3
眼光,3
腊叶,3
去年,3
一株,3
徘徊,3
是从,3
通红,3
几片,3
病叶,3
只能,3
窗外,3
早经,3
二十六日,3
一掷,3
走进,3
之阵,3
猛士,3
头上,3
外套,3
一件,3
胜利,3
太平,3
天上,3
死尸,3
脸上,3
六月,3
一日,3
土屋,3
正要,3
不动,3
暂时,3
好意,3
力气,3
野百合,3
野蔷薇,3
沉思,3
感到,3
缘故,3
吃惊,3
惊惧,3
惊醒,3
立论,3
老师,3
说谎,3
细小,3
到来,3
蜜蜂,3
冻得,3
直刺,3
夜半,3
灯罩,3
遍身,3
夹衣,3
烦腻,3
法子,3
得不到,3
弥漫,3
无不,3
登时,3
衣裳,3
遗弃,3
醒来,3
明白,3
愤怒,3
地面,3
条纹,3
这回,3
草席,3
打开,3
变化,3
梅花,3
罗汉,3
晴天,3
胭脂,3
屋上,3
旋转,3
升腾,3
无边,3
一月,3
颓败,3
大笑,3
歌唱,3
无可,3
饥饿,3
羞辱,3
悲凉,3
呻吟,3
带累,3
石像,3
无词,3
言语,3
沉重,3
英文,3
译本,3
六年,3
北京,3
陆续,3
语丝,3
小花,3
怯弱,3
废墟,3
荒坟,3
悲苦,3
屹立,3
远处,3
浮动,3
故乡,3
久经,3
绝望,3
一本,3
儿童,3
展开,3
宽恕,3
苍白,3
漂渺,3
出版,3
沉钟,3
沙漠,3
鬼众,3
最初,3
初版,3
日致,3
月光,3
虚妄,3
茅屋,3
碎影,3
破碎,2
一条,2
回顾,2
叱咤,2
逃走,2
大声,2
床上,2
二十三日,2
十字架,2
紫袍,2
戏弄,2
衣服,2
那用,2
没药,2
调和,2
对付,2
前途,2
仇恨,2
敌意,2
钉尖,2
可悯,2
痛得,2
透到,2
心髓,2
这使,2
文士,2
沉酣,2
以罗伊,2
上帝,2
离弃,2
血腥,2
二十日,2
说出,2
无地,2
光明,2
明暗,2
之间,2
远行,2
白天,2
赠品,2
不到,2
热血,2
密密层层,2
墙壁,2
槐蚕,2
希求,2
接吻,2
呼吸,2
奔来,2
赏鉴,2
裸着,2
不见,2
身体,2
钻进,2
剩下,2
雁门,2
记起,2
深秋,2
凋零,2
枫树,2
细看,2
青葱,2
绯红,2
镶着,2
斑斓,2
保存,2
原因,2
所用,2
遇见,2
一式,2
武器,2
旗帜,2
慈善家,2
东方,2
胸膛,2
作证,2
之物,2
再见,2
剥落,2
文句,2
之际,2
眼中,2
草木,2
哀乐,2
徐徐,2
口唇,2
十岁,2
眼珠,2
阴沉,2
口袋,2
几株,2
痕迹,2
树根,2
看一看,2
好看,2
乞丐,2
走近,2
一杯,2
水洼,2
各式各样,2
记不清,2
我单,2
走向,2
感谢,2
恢复,2
前去,2
诧异,2
许多许多,2
不错,2
坟地,2
可不,2
东边,2
熟悉,2
回转,2
驱逐,2
心底,2
摇头,2
叫唤,2
我息,2
可恨,2
老人,2
喝些,2
总有,2
未必,2
几声,2
倾听,2
递给,2
坐下,2
四近,2
力量,2
境遇,2
退后,2
颓唐,2
拍手,2
转身,2
预备,2
看着,2
遭打,2
七月,2
秋夜,2
后园,2
口角,2
野花,2
名字,2
做梦,2
瑟缩着,2
落尽,2
小粉,2
干子,2
弧形,2
几枝,2
发白,2
飞过,2
笑声,2
玻璃,2
地响,2
真的,2
一角,2
栀子,2
苍翠,2
可爱,2
一支,2
纸烟,2
英雄,2
穿着,2
悲戚,2
近于,2
手势,2
疑心,2
泥墙,2
想着,2
冰山,2
片片,2
鱼鳞,2
树林,2
无数,2
珊瑚,2
冰结,2
黑烟,2
这冰谷,2
幼小,2
爱看,2
变幻,2
冷气,2
大火,2
低头,2
燃烧,2
大石,2
底下,2
地笑,2
死后,2
正当,2
设想,2
预想,2
脚步声,2
时说,2
快意,2
材料,2
看不见,2
马蚁,2
上爬,2
开口,2
鼻尖,2
烦厌,2
不堪,2
芦席,2
任意,2
权利,2
六面,2
钉子,2
无知,2
静静地,2
碍事,2
明板,2
胡涂,2
思想,2
安乐,2
仇敌,2
生活,2
打油诗,2
猫头鹰,2
仰头,2
向来,2
雪花,2
滋润,2
隐约,2
野中,2
嗡嗡地,2
一齐,2
成功,2
生光,2
屋里,2
太空,2
闪烁,2
精魂,2
有大,2
乔木,2
坦然,2
欣然,2
装饰,2
地下,2
静穆,2
爱者,2
不爱者,2
禁闭,2
内部,2
身躯,2
缩小,2
屋角,2
早哩,2
惊惶,2
发抖,2
移开,2
抬起,2
很大,2
回旋,2
满是,2
许多年,2
内外,2
一群,2
怨恨,2
垂老,2
女人,2
害苦,2
委屈,2
痉挛,2
平静,2
刹那间,2
照见,2
感想,2
军阀,2
而作,2
政府,2
其时,2
不许,2
结束,2
二心,2
生者,2
流血,2
欲生,2
灭尽,2
咀嚼,2
良民,2
二月,2
瓦片,2
肃杀,2
春天,2
荡漾,2
不爱,2
没出息,2
玩艺,2
方凳,2
地站,2
伸手,2
很重,2
重地,2
坠下去,2
补过,2
一回,2
渐渐,2
儿时,2
严冬,2
飞机,2
上午,2
依然,2
编校,2
作品,2
风沙,2
浅草,2
疲劳,2
昏黄,2
三界,2
面前,2
光辉,2
完结,2
收得,2
边缘,2
曼陀罗花,2
惨白,2
反狱,2
发出,2
散文诗,2
上海,2
各篇,2
信中,2
提及,2
此事,2
封面,2
人来,2
头发,2
颤抖,2
僵坠,2
Petofi,2
迟暮,2
总得,2
石油,2
昏暗,2
昏沉,2
初学,2
幽雅,2
有趣,2
云锦,2
小船,2
融和,2
退缩,2
青天,2
永是,2
大红花,2
拉长,2
寻人,2
诉苦,2
一餐,2
可不是,2
总会,2
屋子,2
赶走,2
夸奖,2
隘巷,1
行走,1
衣履,1
乞食,1
傲慢,1
住口,1
势力,1
嘻嘻,1
气愤,1
侮辱,1
惭愧,1
布和绸,1
官和民,1
主和奴,1
且慢,1
谈谈,1
挽留,1
一径,1
尽力,1
逃出,1
梦境,1
兵丁,1
戴上,1
荆冠,1
庆贺,1
一根,1
苇子,1
膝拜,1
掌心,1
柔和,1
脚背,1
一块,1
竖起,1
路人,1
辱骂,1
祭司,1
讥诮,1
手足,1
碎骨,1
腹部,1
波动,1
遍地,1
马撒,1
各大尼,1
翻出来,1
人连,1
比钉,1
血污,1
影来,1
天堂,1
黄金世界,1
不想,1
跟随,1
要别,1
吞并,1
灰黑,1
手装,1
作喝,1
杯酒,1
倘是,1
黑夜,1
现是,1
我能,1
心地,1
影在,1
世界,1
之厚,1
半分,1
鲜红,1
其密,1
血管,1
奔流,1
各以,1
牵引,1
偎倚,1
以得,1
尖锐,1
一击,1
桃红色,1
菲薄,1
那鲜,1
激箭,1
灌溉,1
示以,1
人性,1
茫然,1
浸于,1
如马蚁,1
漂亮,1
倒空,1
预觉,1
事后,1
鲜味,1
之意,1
圆活,1
爬满,1
喉舌,1
干燥,1
面面相觑,1
走散,1
生趣,1
地立,1
以死,1
这路,1
无血,1
大戮,1
沉浸于,1
灯下,1
压干,1
枫叶,1
繁霜夜,1
木叶,1
多半,1
庭前,1
小小的,1
红色,1
叶片,1
全树,1
最多,1
几团,1
浓绿,1
独有,1
蛀孔,1
乌黑,1
花边,1
黄和绿,1
斑驳,1
明眸,1
自念,1
买到,1
愿使,1
不即,1
群叶,1
飘散,1
今夜,1
黄蜡,1
眸子,1
复似,1
灼灼,1
再过,1
旧时,1
记忆,1
消去,1
短时,1
更何况,1
葱郁,1
耐寒,1
树木,1
更何,1
消说,1
想来,1
赏玩,1
秋树,1
余闲,1
蒙昧,1
非洲,1
土人,1
背着,1
雪亮,1
毛瑟枪,1
疲惫,1
中国,1
绿营,1
佩着,1
盒子炮,1
乞灵,1
牛皮,1
废铁,1
甲胄,1
脱手,1
敌人,1
杀人不见血,1
炮弹,1
其力,1
名称,1
学者,1
长者,1
雅人,1
君子,1
头下,1
花样,1
学问,1
道德,1
国粹,1
民意,1
逻辑,1
公义,1
文明,1
同声,1
偏心,1
两样,1
胸前,1
放着,1
护心镜,1
深信,1
偏侧,1
正中,1
心窝,1
颓然,1
倒地,1
戕害,1
罪人,1
大踏步,1
老衰,1
寿终,1
胜者,1
境地,1
不闻战,1
十四日,1
读着,1
刻辞,1
沙石,1
所制,1
苔藓,1
丛生,1
仅存,1
有限,1
浩歌,1
狂热,1
中寒,1
深渊,1
得救,1
游魂,1
化为,1
长蛇,1
口有,1
毒牙,1
不以,1
啮人,1
自啮,1
其身,1
终以,1
陨颠,1
我绕,1
孤坟,1
颓坏,1
口中,1
窥见,1
腹俱破,1
心肝,1
之状,1
蒙蒙,1
如烟然,1
疑惧,1
不及,1
回身,1
阴面,1
残存,1
抉心,1
自食,1
知本味,1
创痛,1
酷烈,1
本味何,1
能知,1
痛定,1
然其心,1
陈旧,1
本味,1
何由知,1
成尘时,1
疾走,1
反顾,1
生怕,1
追随,1
十七日,1
七十岁,1
白头发,1
长袍,1
紫发,1
白地,1
方格,1
长衫,1
三四十岁,1
状态,1
困顿,1
倔强,1
黑须,1
乱发,1
黑色,1
衣裤,1
赤足,1
破鞋,1
胁下,1
竹杖,1
杂树,1
瓦砾,1
荒凉,1
破败,1
丛葬,1
非路,1
开着,1
一扇门,1
门侧,1
一段,1
搀起,1
向东,1
走来,1
不用,1
天天,1
东面,1
杂树间,1
踌躇,1
晚上,1
托福,1
你好,1
冒昧,1
水喝,1
池塘,1
水来,1
杯子,1
客官,1
本来,1
一路,1
随便,1
第二回,1
略略,1
迟疑,1
许多路,1
来到,1
小心,1
地捧出,1
木杯,1
递去,1
接杯,1
两口,1
喝尽,1
还杯,1
这真,1
少有,1
真不知道,1
西顾,1
看过,1
走过,1
南边,1
北边,1
来路,1
莫怪,1
多嘴,1
劳顿,1
也料,1
惊起,1
回到,1
名目,1
地主,1
牢笼,1
皮面,1
笑容,1
常在,1
催促,1
一足,1
无论谁,1
补充,1
一路上,1
稀薄,1
太多,1
遇不到,1
接取,1
极少,1
这能,1
就断,1
布缠,1
竭力,1
这太多,1
没法,1
我怕,1
我会,1
兀鹰,1
祝愿,1
稳当,1
布片,1
太好,1
太小,1
带走,1
似笑,1
玩玩,1
你息,1
背不动,1
一伸,1
收回,1
敛手,1
土屋里,1
太重,1
祝你平安,1
向门,1
祝你们,1
奋然,1
向西,1
随即,1
关了门,1
野地,1
里跄,1
踉地,1
闯进去,1
夜色,1
三月,1
二日,1
小学校,1
讲堂,1
作文,1
请教,1
眼镜,1
圈外,1
斜射,1
一家,1
一个男孩,1
合家,1
透顶,1
满月,1
客人,1
兆头,1
发财,1
一顿,1
合力,1
痛打,1
富贵,1
许谎,1
您瞧,1
八日,1
墙外,1
两株,1
生平,1
见过,1
仰面,1
几十个,1
星星,1
冷眼,1
现出,1
大有,1
深意,1
繁霜洒,1
园里,1
草上,1
花草,1
真叫,1
开过,1
粉红,1
还开,1
更极,1
夜气,1
瑟缩,1
见春,1
诗人,1
最末,1
花瓣,1
胡蝶,1
乱飞,1
唱起,1
春词,1
一笑,1
红惨,1
惨地,1
一两个,1
打剩,1
枣子,1
秋后,1
落叶,1
春后,1
单剩,1
当初,1
满树,1
果实,1
欠伸,1
低亚,1
护定,1
打枣,1
所得,1
皮伤,1
最直,1
最长,1
圆满,1
窘得,1
越加,1
不安,1
离去,1
避开,1
一无所有,1
一意,1
要制,1
死命,1
夜游,1
恶鸟,1
惊动,1
睡着,1
四围,1
听出,1
嘴里,1
声所,1
回进,1
带子,1
旋高,1
后窗,1
飞虫,1
乱撞,1
多久,1
窗纸,1
破孔,1
这火,1
两三个,1
喘气,1
那罩,1
昨晚,1
新换,1
雪白,1
波浪,1
叠痕,1
画出,1
一枝,1
猩红色,1
猩红,1
开花,1
弯成,1
赶紧,1
砍断,1
心绪,1
白纸,1
小青虫,1
头大尾,1
葵子,1
半粒,1
小麦,1
呵欠,1
点起,1
烟来,1
敬奠,1
精致,1
十五日,1
高墙,1
踏着,1
墙头,1
高树,1
枝条,1
儿戏,1
哀呼,1
摊开,1
着手,1
不哑,1
给与,1
倒败,1
缺口,1
送秋,1
发声,1
声调,1
装哑,1
自居,1
至少,1
虚无,1
奔驰,1
高大,1
冰天,1
冻云,1
山麓,1
有冰,1
枝叶,1
如松杉,1
四旁,1
冰上,1
红影,1
纠结,1
俯看,1
脚下,1
炎炎,1
尖端,1
凝固,1
火宅,1
枯焦,1
四壁,1
化成,1
无量数,1
红珊瑚,1
快舰,1
激起,1
浪花,1
洪炉,1
烈焰,1
看清,1
都息息,1
无定形,1
迹象,1
拾起,1
指头,1
焦灼,1
衣袋,1
思索,1
一缕,1
铁线,1
满有,1
红焰,1
流动,1
包围,1
一看,1
流在,1
连忙,1
招呼,1
名姓,1
原先,1
答非所问,1
消尽,1
冰冻,1
重行,1
烧起,1
携带,1
永不,1
永得,1
惋惜,1
冻灭,1
跃起,1
如红,1
慧星,1
出冰,1
谷口,1
驰来,1
碾死,1
车轮,1
坠入,1
再也,1
遇不着,1
得意,1
道路,1
喜鹊,1
一阵,1
老鸦,1
清爽,1
带些,1
气息,1
睁开眼睛,1
丝毫,1
象是,1
抬手,1
恐怖,1
玩笑,1
运动神经,1
废灭,1
知觉,1
全死,1
可怕,1
证实,1
一辆,1
独轮车,1
头边,1
推过,1
重载,1
轧轧,1
心烦,1
牙齿,1
齿楚,1
满眼,1
朝东,1
关系,1
嚓嚓,1
人声,1
看热闹,1
土来,1
飞进,1
鼻孔,1
打喷嚏,1
陆陆续续,1
近旁,1
停下,1
语声,1
很想,1
听听,1
议论,1
批评,1
不值一笑,1
违心之论,1
就露,1
破绽,1
结论,1
归纳起来,1
十分高兴,1
始终,1
熟识,1
伤心,1
添些,1
饭后,1
闲谈,1
破费,1
宝贵,1
工夫,1
抱歉,1
不受,1
影响,1
总算,1
对得起,1
脊梁,1
痒痒,1
能力,1
倘在,1
平时,1
身子,1
一扭,1
退避,1
大腿,1
虫豸,1
事情,1
青蝇,1
颧骨,1
几步,1
一飞,1
懊恼,1
足下,1
伟人,1
无须,1
做论,1
舌头,1
亲爱,1
眉毛,1
一步,1
毛根,1
一摇,1
一阵风,1
飞开,1
临走时,1
昏厥,1
木材,1
同着,1
震动,1
清醒,1
前额,1
上感,1
掀去,1
灼热,1
弯着腰,1
难适,1
公意,1
我久,1
纸笔,1
只好,1
抛开,1
刀鞘,1
巡警,1
向上,1
一举,1
一沉,1
棺材,1
碰壁,1
外加,1
失败,1
呜呼哀哉,1
气闷,1
宁静,1
知不清,1
在手,1
背上,1
这尸,1
倒也不,1
谁给我,1
化钱,1
可恶,1
小子,1
小衫,1
拉平,1
抵得,1
死人,1
做事,1
草率,1
比活,1
重得,1
压着,1
衣皱,1
习惯,1
腐烂,1
麻烦,1
此刻,1
着想,1
您好,1
颇为,1
耳熟,1
眼看,1
却是,1
勃古斋,1
旧书,1
小伙计,1
二十多年,1
一副,1
样子,1
委实,1
毛糙,1
毫没,1
有加,1
修刮,1
锯绒,1
不要紧,1
暗蓝色,1
包裹,1
公羊传,1
嘉靖,1
黑口,1
送来,1
看定,1
闭上眼睛,1
声息,1
只绕,1
眼眶,1
圈子,1
不上不下,1
期望,1
又影,1
赠给,1
惠而不费,1
中要,1
第一次,1
流下,1
火花,1
十二日,1
拟古,1
山腰,1
山太高,1
泪沾袍,1
百蝶巾,1
心惊,1
闹市,1
拥挤,1
泪沾耳,1
双燕图,1
冰糖,1
河滨,1
水深,1
歪头,1
沾襟,1
金表,1
发汗药,1
神经衰弱,1
豪家,1
汽车,1
如麻,1
玫瑰花,1
赤练蛇,1
十月,1
三日,1
暖国,1
坚硬,1
灿烂,1
博识,1
单调,1
否耶,1
江南,1
美艳,1
之至,1
消息,1
壮健,1
处子,1
血红,1
宝珠,1
山茶,1
白中,1
隐青,1
单瓣,1
深黄,1
冷绿,1
杂草,1
确乎,1
采山,1
茶花,1
可记,1
真切,1
冬花开,1
忙碌,1
地飞,1
象紫芽,1
小手,1
七八个,1
塑雪,1
父亲,1
帮忙,1
塑得,1
高得,1
小下,1
一堆,1
分不清,1
壶卢,1
洁白,1
明艳,1
粘结,1
龙眼,1
核给,1
母亲,1
脂粉,1
脂来,1
确是,1
阿罗汉,1
目光灼灼,1
地里,1
第二天,1
访问,1
嘻笑,1
消释,1
寒夜,1
一层,1
化作,1
透明,1
水晶,1
连续,1
褪尽,1
朔方,1
纷飞,1
如粉,1
如沙,1
粘连,1
枯草,1
消化,1
居人,1
之下,1
旋风,1
蓬勃,1
奋飞,1
中灿灿地,1
如包,1
大雾,1
凛冽,1
天宇,1
孤独,1
十八日,1
目录,1
充实,1
存活,1
这朽,1
腐有,1
委弃,1
不生,1
只生,1
罪过,1
不深,1
花叶,1
不美,1
陈死,1
夺取,1
践踏,1
直至,1
而朽,1
自爱,1
这以,1
地火,1
运行,1
奔突,1
熔岩,1
烧尽,1
一丛,1
生与死,1
未来,1
献于友,1
为友,1
火速,1
未曾,1
一九二七年,1
记于,1
广州,1
楼上,1
瓦松,1
茂密,1
森林,1
桌上,1
屋子里,1
分外,1
明亮,1
相识,1
披毛,1
强悍,1
肉块,1
瘦弱,1
渺小,1
弛缓,1
丰腴,1
光润,1
两颊,1
泛出,1
轻红,1
约略,1
两岁,1
开合,1
围着,1
肚子痛,1
卖烧饼,1
欣慰,1
加紧,1
掌中,1
银片,1
低微,1
女儿,1
放在,1
破榻,1
地一看,1
破旧,1
屋顶,1
另起,1
撞击,1
而成,1
旋涡,1
尽行,1
淹没,1
如银,1
月色,1
天明,1
辽远,1
残梦,1
年代,1
整齐,1
夫妻,1
小孩子,1
鄙夷,1
脸见,1
男人,1
气忿,1
养大,1
小时候,1
饿死,1
一世,1
指着,1
最小,1
正玩,1
芦叶,1
一挥,1
一柄,1
钢刀,1
说道,1
冷静,1
骨立,1
开开,1
板门,1
迈步,1
冷骂,1
中尽,1
高天,1
赤身露体,1
过往,1
并合,1
眷念,1
决绝,1
爱抚,1
养育,1
歼除,1
祝福,1
两手,1
向天,1
漏出,1
荒废,1
面都,1
点点,1
暴风雨,1
荒海,1
尽绝,1
惟有,1
辐射,1
如遭,1
飓风,1
汹涌,1
奔腾,1
梦魇,1
是因为,1
胸脯,1
我梦中,1
用尽,1
平生,1
二十九日,1
友人,1
几句话,1
几句,1
译者,1
二十多篇,1
小品,1
每篇,1
末尾,1
所注,1
四至,1
表于,1
期刊,1
难于,1
直说,1
措辞,1
含糊,1
例罢,1
讽刺,1
盛行,1
会上,1
旁观者,1
之多,1
第一篇,1
消沉,1
有感于,1
文人学士,1
我者,1
想要,1
我而作,1
段祺瑞,1
枪击,1
徒手,1
民众,1
避居,1
奉天,1
直隶,1
战争,1
大半,1
废驰,1
边沿,1
白色,1
雄辩,1
辣手,1
得志,1
脸色,1
语气,1
时代,1
文章,1
序言,1
一九三一年,1
十一月,1
五日,1
纪念,1
死者,1
变异,1
毁灭,1
地球,1
生物,1
衰亡,1
尸体,1
血色,1
受苦,1
专为,1
同类,1
衬托,1
华屋,1
用时,1
光来,1
冲淡,1
日日,1
斟出,1
微甘,1
苦酒,1
不太少,1
不太多,1
以能,1
微醉,1
为度,1
饮者,1
如醒,1
如醉,1
勇气,1
映以,1
吐弃,1
称为,1
天之戮民,1
以作,1
辩解,1
悚息,1
静待,1
恐惧,1
相遇,1
叛逆,1
洞见,1
已改,1
现有,1
深广,1
久远,1
正视,1
重叠,1
淤积,1
凝血,1
深知,1
已死,1
方生,1
将生,1
看透,1
造化,1
把戏,1
苏生,1
羞惭,1
伏藏,1
变色,1
四月八,1
冬季,1
积雪,1
灰黑色,1
秃树,1
枝丫,1
晴朗,1
时节,1
墨色,1
蓝色,1
蜈蚣,1
放得,1
显出,1
憔悴,1
杨柳,1
发芽,1
山桃,1
多吐蕾,1
和孩,1
子们,1
点缀,1
照应,1
打成一片,1
春日,1
温和,1
诀别,1
这天,1
放风筝,1
嫌恶,1
小兄弟,1
多病,1
瘦得,1
喜欢,1
买不起,1
张着,1
半日,1
落下来,1
惊呼,1
解开,1
跳跃,1
在我看来,1
笑柄,1
可鄙,1
想起,1
多日,1
曾见,1
枯竹,1
恍然大悟,1
堆积,1
杂物,1
推开,1
什物,1
堆中,1
发现,1
小凳,1
靠着,1
竹骨,1
糊上,1
凳上,1
一对,1
正用,1
纸条,1
完工,1
破获,1
秘密,1
苦心孤诣,1
地来,1
偷做,1
折断,1
翅骨,1
踏扁,1
长幼,1
敌不过,1
傲然,1
留心,1
惩罚,1
轮到,1
离别,1
中年,1
外国,1
讲论,1
游戏,1
玩具,1
天使,1
二十年,1
忆及,1
精神,1
虐杀,1
一幕,1
铅块,1
但心,1
断绝,1
赞成,1
他放,1
胡子,1
轻松,1
这确,1
可行,1
会面,1
添刻,1
辛苦,1
旧事,1
叙述,1
一节,1
自说,1
少年时代,1
糊涂,1
要说,1
宽松,1
有过,1
就象,1
旁听,1
忘却,1
可言,1
无怨,1
异地,1
回忆,1
把握,1
躲到,1
中去,1
明是,1
正给,1
寒威,1
炸弹,1
使命,1
学校,1
上课,1
每日,1
北京城,1
飞行,1
听得,1
机件,1
搏击,1
我常觉,1
轻微,1
紧张,1
宛然,1
目睹,1
深切,1
地感,1
爆发,1
冉冉,1
飞去,1
死伤,1
天下,1
显得,1
白杨,1
嫩叶,1
下发,1
金光,1
榆叶梅,1
昨日,1
开得,1
烂漫,1
收拾,1
散乱,1
满床,1
日报,1
拂去,1
昨夜,1
聚在,1
书桌上,1
微尘,1
四方,1
书斋,1
今日,1
窗明几净,1
开手,1
历来,1
积压,1
文稿,1
清理,1
我照,1
涂脂抹粉,1
绰约,1
纯真,1
苦恼,1
打击,1
无形,1
无色,1
鲜血淋漓,1
名园,1
奇花,1
盛开着,1
红颜,1
静女,1
超然,1
无事,1
逍遥,1
鹤唳,1
使人,1
神往,1
我活,1
两三年,1
北京大学,1
教员,1
一包,1
看时,1
默默,1
懂得,1
丰饶,1
只成,1
前身,1
项洞,1
深深地,1
人海,1
底里,1
地鸣动,1
野蓟,1
致命,1
摧折,1
一朵,1
托尔斯泰,1
曾受,1
写出,1
小说,1
深地,1
水泉,1
碧绿,1
林莽,1
枯渴,1
旅人,1
一见,1
怡然,1
息肩,1
无题,1
启事,1
社会,1
荒漠,1
静肃,1
苍茫,1
何至于,1
混沌,1
离奇,1
隐痛,1
活着,1
夕阳,1
接续,1
驰去,1
环绕,1
无名,1
很长,1
警觉,1
环绕着,1
飞升,1
小小,1
夏云,1
幻出,1
难以,1
指名,1
形象,1
十日,1
荒寒,1
野外,1
旁边,1
然有,1
秩序,1
怒吼,1
沸腾,1
钢叉,1
震颤,1
相和鸣,1
醉心,1
大乐,1
布告,1
天下太平,1
男子,1
慈悲,1
愤地,1
蜂蜜,1
战胜,1
天神,1
主宰,1
权威,1
天国,1
亲临,1
发大光,1
原已,1
废弃,1
剑树,1
消却,1
光芒,1
沸油,1
腾涌,1
冒些,1
青烟,1
萌生,1
花极,1
不足为奇,1
焚烧,1
肥沃,1
油温,1
倏忽,1
人世,1
默想,1
多年,1
应声,1
仗义,1
直言,1
战声,1
遍满,1
远过,1
雷霆,1
运大,1
谋略,1
布大,1
罗网,1
出走,1
门上,1
旌旗,1
欢呼,1
整饬,1
使者,1
已临,1
威严,1
叛徒,1
沉沦,1
迁入,1
威权,1
那威,1
棱且,1
整顿,1
先给,1
牛首,1
阿旁,1
添薪,1
加火,1
磨砺,1
刀山,1
改观,1
一洗,1
颓废,1
气象,1
焦枯,1
宛转,1
不暇,1
猜疑,1
我且,1
野兽,1
恶鬼,1
十六日,1
简介,1
所收,1
包括,1
一首,1
一出,1
诗剧,1
周刊,1
署名,1
于于,1
编定,1
同年,1
书局,1
行列,1
所编,1
乌合,1
丛书,1
印行,1
版本,1
除个别,1
标点,1
有所不同,1
文字,1
几次,1
印刷,1
印入,1
国民党,1
书报,1
检查,1
机关,1
邱遇,1
传经,1
全集,1
出版社,1
三十年,1
时才,1
收入,1
画系,1
孙福熙,1
所作,1
题字,1
改为,1
日夜,1
致章,1
廷谦信,1
中曾,1
写作,1
适值,1
退潮,1
自选集,1
自序,1
南腔北调,1
所说,1
团体,1
散掉,1
高升,1
退隐,1
经验,1
战阵,1
伙伴,1
情况,1
感触,1
写些,1
短文,1
夸大,1
印成,1
谓之,1
编成,1
所记,1
蒋介石,1
发动,1
稍后,1
英译本,1
写过,1
短序,1
萧军,1
谈到,1
那本,1
技术,1
不算,1
心情,1
华盖,1
续编,1
海上,1
通信,1
中说,1
很难说,1
谬托知己,1
舐皮论骨,1
入于,1
选入,1
中学语文,1
课本,1
心分,1
外地,1
爱憎,1
灵魂,1
充满,1
歌声,1
报仇,1
地填以,1
自欺,1
这希,1
抗拒,1
耗尽,1
早先,1
岂不知,1
固在,1
不祥,1
杜鹃,1
啼血,1
然是,1
世上,1
衰老,1
放下,1
之盾,1
San,1
dor,1
之歌,1
娼妓,1
献给,1
牺牲,1
宝贝,1
抛弃,1
抒情诗,1
匈牙利,1
爱国者,1
祖国,1
萨克,1
矛尖,1
七十五年,1
悲哉,1
可悲,1
可惨,1
人生,1
桀骜,1
英勇,1
止步,1
茫茫,1
方了,1
偷生,1
不明不暗,1
寻求,1
倘一,1
消灭,1
我身,1
身中,1
预告,1
老牌,1
熏得,1
繁响,1
烟草,1
烟雾,1
身边,1
我闭,1
一仰,1
椅背,1
膝踝,1
蒙胧,1
错综,1
万颗,1
奔星,1
飞动,1
无穷,1
阴道,1
两岸,1
乌桕,1
新禾,1
丛树,1
枯树,1
伽蓝,1
农夫,1
村妇,1
和尚,1
蓑笠,1
倒影,1
澄碧,1
小河,1
一打,1
夹带,1
并水,1
萍藻,1
游鱼,1
诸影,1
诸物,1
解散,1
原形,1
参差,1
如夏,1
云头,1
银色,1
水中,1
底子,1
事物,1
统在,1
交错,1
织成,1
生动,1
河边,1
柳树下,1
瘦削,1
一丈,1
该是,1
村女种,1
碎散,1
一朵朵,1
泼剌,1
锦带,1
带织入,1
狗织入,1
入村,1
女中,1
一瞬间,1
进塔,1
云里,1
骤然,1
一惊,1
睁开眼,1
凌乱,1
河水,1
水波,1
起立,1
整篇,1
影子,1
撕成,1
无意识,1
赶忙,1
捏住,1
坠地,1
剩着,1
几点,1
虹霓,1
追回,1
欠身,1
去取,1
一丝,1
只见,1
灯光,1
联成,1
一线,1
眼角,1
直流,1
高粱,1
猪狗,1
一小,1
令人同情,1
惨然,1
做工,1
昼夜,1
清早,1
担水,1
烧饭,1
跑街,1
磨面,1
晴洗,1
雨张,1
冬烧,1
汽炉,1
半夜,1
银耳,1
侍候,1
耍钱,1
头钱,1
皮鞭,1
叹息,1
眼圈,1
发红,1
下泪,1
敷衍,1
想法子,1
但愿如此,1
冤苦,1
同情,1
慰安,1
舒坦,1
天理,1
灭绝,1
几日,1
不平,1
他流,1
比猪,1
当人,1
叭儿狗,1
几万倍,1
混帐,1
大叫,1
那人,1
臭虫,1
睡下去,1
秽气,1
冲着,1
鼻子,1
窗子,1
带我去,1
屋外,1
动手,1
干什么,1
他大惊,1
窗洞,1
快来,1
打出,1
窟窿,1
团团,1
打滚,1
喊声,1
要来,1
叫喊,1
恭敬,1
胜地,1
慰问,1
在内,1
有功,1
先见之明,1
大有希望,1
代为,1
回答,1
