作品,人物,频次
朝花夕拾,鲁迅,12
朝花夕拾,范爱农,10
朝花夕拾,二十四孝,10
朝花夕拾,明白,9
朝花夕拾,郭巨,9
朝花夕拾,老莱子,8
朝花夕拾,老虎,8
朝花夕拾,陈莲河,8
朝花夕拾,藤野,7
朝花夕拾,山海经,7
朝花夕拾,祖母,7
朝花夕拾,石印,7
朝花夕拾,玉历钞,5
朝花夕拾,吴友如,5
朝花夕拾,西医,5
朝花夕拾,胡子,4
朝花夕拾,阿长,4
朝花夕拾,老和尚,4
朝花夕拾,和蔼,4
朝花夕拾,老妈子,4
朝花夕拾,高明,4
朝花夕拾,曹娥,4
朝花夕拾,子英,4
朝花夕拾,麻叔谋,3
朝花夕拾,半天空,3
朝花夕拾,帝君,3
朝花夕拾,阎王,3
朝花夕拾,木莲,3
朝花夕拾,何首乌,3
朝花夕拾,孔子,3
朝花夕拾,渊博,3
朝花夕拾,和尚,3
朝花夕拾,阿妈,3
朝花夕拾,阎罗,3
朝花夕拾,桂树,3
朝花夕拾,陈源,3
朝花夕拾,徐伯荪,3
朝花夕拾,麻胡,2
朝花夕拾,小学生,2
朝花夕拾,言语,2
朝花夕拾,宾客,2
朝花夕拾,薄冰,2
朝花夕拾,白发,2
朝花夕拾,桑椹,2
朝花夕拾,陶庵梦,2
朝花夕拾,寻赤,2
朝花夕拾,老先生,2
朝花夕拾,麻祜,2
朝花夕拾,王比,2
朝花夕拾,麻祜庙,2
朝花夕拾,常维钧,2
朝花夕拾,纪常,2
朝花夕拾,郑绩,2
朝花夕拾,俞葆真,2
朝花夕拾,从军,2
朝花夕拾,陈叔宝,2
朝花夕拾,宫殿,2
朝花夕拾,莱子,2
朝花夕拾,龙光斋,2
朝花夕拾,戴高帽子,2
朝花夕拾,许广记,2
朝花夕拾,阎罗王,2
朝花夕拾,高帽子,2
朝花夕拾,东岳庙,2
朝花夕拾,牛首阿,2
朝花夕拾,师爷,2
朝花夕拾,周旋,2
朝花夕拾,芦根,2
朝花夕拾,弓起,2
朝花夕拾,蒋氏,2
朝花夕拾,屠伯,2
朝花夕拾,墨猴,2
朝花夕拾,恩铭,2
朝花夕拾,徐锡麟,2
朝花夕拾,德清,2
朝花夕拾,沈四,2
朝花夕拾,阿祥,2
朝花夕拾,赫胥黎,2
朝花夕拾,陶元庆,1
朝花夕拾,田涉,1
朝花夕拾,春夫,1
朝花夕拾,隋炀帝,1
朝花夕拾,洪水猛兽,1
朝花夕拾,韶光,1
朝花夕拾,文星高照,1
朝花夕拾,光辉,1
朝花夕拾,文昌,1
朝花夕拾,雷公,1
朝花夕拾,布满,1
朝花夕拾,阿而志跋,1
朝花夕拾,阿尔志跋,1
朝花夕拾,黄香,1
朝花夕拾,怀桔,1
朝花夕拾,严冬,1
朝花夕拾,老莱娱亲,1
朝花夕拾,朱熹,1
朝花夕拾,小田海,1
朝花夕拾,老莱,1
朝花夕拾,邓伯道,1
朝花夕拾,母尝,1
朝花夕拾,巨谓妻,1
朝花夕拾,刘向,1
朝花夕拾,柴米,1
朝花夕拾,多得很,1
朝花夕拾,文公,1
朝花夕拾,子孙,1
朝花夕拾,紫红,1
朝花夕拾,黄蜂,1
朝花夕拾,云霄,1
朝花夕拾,纳凉,1
朝花夕拾,小盒子,1
朝花夕拾,金光,1
朝花夕拾,罗汉,1
朝花夕拾,向东,1
朝花夕拾,梅花鹿,1
朝花夕拾,方正,1
朝花夕拾,东方朔,1
朝花夕拾,宿儒,1
朝花夕拾,桂花树,1
朝花夕拾,太久,1
朝花夕拾,仁远,1
朝花夕拾,仁斯仁,1
朝花夕拾,龙王,1
朝花夕拾,寻梢,1
朝花夕拾,寻美髯,1
朝花夕拾,梁山泊,1
朝花夕拾,臻臻至至,1
朝花夕拾,光荣,1
朝花夕拾,梅姑庙,1
朝花夕拾,明瓦窗,1
朝花夕拾,祝贺,1
朝花夕拾,真阿长,1
朝花夕拾,洪秀全,1
朝花夕拾,马缨花,1
朝花夕拾,陆玑,1
朝花夕拾,毛诗,1
朝花夕拾,连阿长,1
朝花夕拾,蓝布,1
朝花夕拾,帝江,1
朝花夕拾,尔雅,1
朝花夕拾,石斋,1
朝花夕拾,仁厚,1
朝花夕拾,高耸,1
朝花夕拾,富士山,1
朝花夕拾,盘得平,1
朝花夕拾,小姑娘,1
朝花夕拾,朱舜,1
朝花夕拾,美其名曰,1
朝花夕拾,严九郎,1
朝花夕拾,太模胡,1
朝花夕拾,连文,1
朝花夕拾,托辞,1
朝花夕拾,寻藤野,1
朝花夕拾,马虎子,1
朝花夕拾,胡人,1
朝花夕拾,唐人,1
朝花夕拾,李济翁,1
朝花夕拾,胡来,1
朝花夕拾,望风,1
朝花夕拾,武宗朝,1
朝花夕拾,闾阎,1
朝花夕拾,薛尹,1
朝花夕拾,魏志,1
朝花夕拾,张文远,1
朝花夕拾,李丕,1
朝花夕拾,胡文炳,1
朝花夕拾,纪常郑,1
朝花夕拾,古之孝,1
朝花夕拾,子夏,1
朝花夕拾,孔门,1
朝花夕拾,木兰,1
朝花夕拾,隋史,1
朝花夕拾,隋书,1
朝花夕拾,王鼎,1
朝花夕拾,东渐,1
朝花夕拾,道德,1
朝花夕拾,李娥,1
朝花夕拾,陈村,1
朝花夕拾,李锡,1
朝花夕拾,李先生,1
朝花夕拾,老太爷,1
朝花夕拾,汉朝人,1
朝花夕拾,石室里,1
朝花夕拾,帝王,1
朝花夕拾,嘉祥县,1
朝花夕拾,武氏石,1
朝花夕拾,金石,1
朝花夕拾,嵇康,1
朝花夕拾,皇甫谧,1
朝花夕拾,过斋,1
朝花夕拾,许广,1
朝花夕拾,和善,1
朝花夕拾,曾几何时,1
朝花夕拾,印世昌,1
朝花夕拾,诸公,1
朝花夕拾,天津人,1
朝花夕拾,宣传者,1
朝花夕拾,博雅,1
朝花夕拾,东岳,1
朝花夕拾,敬畏,1
朝花夕拾,孙子,1
朝花夕拾,宝石,1
朝花夕拾,包公,1
朝花夕拾,阴森森,1
朝花夕拾,那才真,1
朝花夕拾,梁来,1
朝花夕拾,小乘,1
朝花夕拾,古无征,1
朝花夕拾,范县,1
朝花夕拾,虞仲翔,1
朝花夕拾,妙语,1
朝花夕拾,公正,1
朝花夕拾,阴司里,1
朝花夕拾,古哲墨,1
朝花夕拾,墨印,1
朝花夕拾,敬神,1
朝花夕拾,郎中,1
朝花夕拾,牛膝,1
朝花夕拾,冷汗,1
朝花夕拾,阿嫂,1
朝花夕拾,俞仲华,1
朝花夕拾,小丑,1
朝花夕拾,施之,1
朝花夕拾,卢布,1
朝花夕拾,冷冰冰,1
朝花夕拾,张罗,1
朝花夕拾,霍然而愈,1
朝花夕拾,续弦,1
朝花夕拾,费功夫,1
朝花夕拾,刚毅,1
朝花夕拾,巫医,1
朝花夕拾,陈莲,1
朝花夕拾,康健,1
朝花夕拾,汤灌,1
朝花夕拾,时髦,1
朝花夕拾,颜厚,1
朝花夕拾,同仁,1
朝花夕拾,小聪明,1
朝花夕拾,和狮虎,1
朝花夕拾,吕该尔,1
朝花夕拾,章士钊,1
朝花夕拾,拜来拜去,1
朝花夕拾,有志于,1
朝花夕拾,桂叶,1
朝花夕拾,轩昂,1
朝花夕拾,贺礼,1
朝花夕拾,墨汁,1
朝花夕拾,绍兴人,1
朝花夕拾,秋瑾,1
朝花夕拾,陈伯平,1
朝花夕拾,马宗汉,1
朝花夕拾,师母,1
朝花夕拾,老迅,1
朝花夕拾,白旗,1
朝花夕拾,季弗,1
朝花夕拾,傅力臣,1
朝花夕拾,孙传芳,1
朝花夕拾,言辞,1
朝花夕拾,云散,1
朝花夕拾,曾祖母,1
朝花夕拾,栗凿,1
朝花夕拾,觉得很有,1
朝花夕拾,寻一寻,1
朝花夕拾,爱抚,1
朝花夕拾,西学堂,1
朝花夕拾,圣贤书,1
朝花夕拾,徐子,1
朝花夕拾,鸠舌,1
朝花夕拾,闻其声,1
朝花夕拾,雅言,1
朝花夕拾,封神榜,1
朝花夕拾,爱其母,1
朝花夕拾,施及庄,1
朝花夕拾,云从龙,1
朝花夕拾,赖妈,1
朝花夕拾,左传,1
朝花夕拾,东邻,1
朝花夕拾,支那,1
朝花夕拾,莫愁湖,1
朝花夕拾,关帝庙,1
朝花夕拾,伏魔,1
朝花夕拾,关圣,1
朝花夕拾,普弥耶,1
朝花夕拾,钟鼎,1
朝花夕拾,盛顿,1
朝花夕拾,柏拉图,1
朝花夕拾,斯多葛,1
朝花夕拾,张廉卿,1
朝花夕拾,马癸,1
朝花夕拾,花生米,1
朝花夕拾,太贵,1
朝花夕拾,黄泉,1
朝花夕拾,罗汉豆,1
朝花夕拾,白云,1
而已集,鲁迅,78
而已集,曹操,59
而已集,阮籍,42
而已集,嵇康,39
而已集,曹丕,22
而已集,卢梭,21
而已集,何晏,20
而已集,权威,17
而已集,司马懿,16
而已集,明白,15
而已集,蒋介石,15
而已集,华盖,15
而已集,陈西滢,15
而已集,章士钊,15
而已集,晋书,14
而已集,魏书,13
而已集,罗振玉,12
而已集,西滢,12
而已集,魏晋,11
而已集,诸君,11
而已集,段祺瑞,11
而已集,孤桐,11
而已集,袁世凯,10
而已集,顾颉刚,10
而已集,梁实秋,10
而已集,陈源,9
而已集,华丽,7
而已集,宝贝,7
而已集,陶潜,7
而已集,司马昭,7
而已集,孙中山,7
而已集,郭沫若,7
而已集,曹植,6
而已集,大将军,6
而已集,宣言,6
而已集,郁达夫,6
而已集,陶元庆,6
而已集,董卓,5
而已集,周公,5
而已集,胡涂,5
而已集,田园诗人,5
而已集,南菁,5
而已集,汪精卫,5
而已集,云云,5
而已集,杨荫榆,5
而已集,徐丹甫,5
而已集,胡适,5
而已集,有恒,5
而已集,玉堂春,5
而已集,严可均,4
而已集,秦汉,4
而已集,子建,4
而已集,陈琳,4
而已集,司马氏,4
而已集,王弼,4
而已集,夏侯玄,4
而已集,孔子,4
而已集,山巨源,4
而已集,杨子,4
而已集,汉献帝,4
而已集,小姐,4
而已集,魏氏,4
而已集,曹爽,4
而已集,言语,4
而已集,于今,4
而已集,柳树,4
而已集,司马,4
而已集,孟子,4
而已集,孙传芳,4
而已集,和尚,4
而已集,胡同,4
而已集,乾隆,4
而已集,斯文,4
而已集,敬一亭,4
而已集,老先生,4
而已集,孔丘,4
而已集,张作霖,4
而已集,洪水,4
而已集,于天,4
而已集,黄巾,3
而已集,丁福保,3
而已集,刘先生,3
而已集,容纳,3
而已集,顾忌,3
而已集,郑康,3
而已集,明帝,3
而已集,刘桢,3
而已集,杜康,3
而已集,黄祖,3
而已集,巢元方,3
而已集,皇甫谧,3
而已集,刘伶,3
而已集,原谅,3
而已集,颜延之,3
而已集,管叔,3
而已集,蔡叔,3
而已集,汤武,3
而已集,孙盛,3
而已集,大贤,3
而已集,何曾,3
而已集,北伐军,3
而已集,灵帝,3
而已集,袁绍,3
而已集,武帝纪,3
而已集,后汉书,3
而已集,齐王,3
而已集,曹芳,3
而已集,王猛,3
而已集,桓玄,3
而已集,司马炎,3
而已集,武庚,3
而已集,诸侯,3
而已集,老聃,3
而已集,吴宓,3
而已集,莫如,3
而已集,晓澜,3
而已集,朱家骅,3
而已集,宝贵,3
而已集,江霞,3
而已集,孔庙,3
而已集,王国维,3
而已集,蒋彝潜,3
而已集,古董,3
而已集,胡玉缙,3
而已集,武英殿,3
而已集,余杭,3
而已集,王独清,3
而已集,孙伏园,3
而已集,爱弥尔,3
而已集,公冶长,3
而已集,仁义,3
而已集,黎锦明,3
而已集,诸四裔,3
而已集,冷笑,3
而已集,白话文,3
而已集,黄帝,3
而已集,泰戈尔,3
而已集,兰谱,3
而已集,李大钊,3
而已集,邵振青,3
而已集,赵子昂,3
而已集,大衍,3
而已集,颜之推,3
而已集,汉风,3
而已集,祖宗,3
而已集,玄灵,3
而已集,刘师培,2
而已集,徐干,2
而已集,袁氏,2
而已集,甄氏,2
而已集,曹氏,2
而已集,葛洪,2
而已集,夏侯,2
而已集,高超,2
而已集,魏末,2
而已集,子之,2
而已集,管蔡论,2
而已集,吕安,2
而已集,史实,2
而已集,阮咸,2
而已集,希奇,2
而已集,刘勰,2
而已集,采菊,2
而已集,彭泽,2
而已集,易代,2
而已集,武帝,2
而已集,魏武帝,2
而已集,元末明,2
而已集,范丹,2
而已集,于建安,2
而已集,李善,2
而已集,魏文帝,2
而已集,隋书,2
而已集,魏明帝,2
而已集,杨修,2
而已集,陈留阮,2
而已集,陈留尉,2
而已集,尉氏,2
而已集,刘表,2
而已集,曹爽传,2
而已集,老庄,2
而已集,道德,2
而已集,魏略,2
而已集,何平叔,2
而已集,刘孝,2
而已集,桓温,2
而已集,王忱,2
而已集,太初,2
而已集,司马师,2
而已集,刘义庆,2
而已集,南朝梁,2
而已集,刘裕,2
而已集,徐叔,2
而已集,王思,2
而已集,山涛,2
而已集,向秀,2
而已集,嵇康传,2
而已集,博览,2
而已集,玄远,2
而已集,嵇康集,2
而已集,武王,2
而已集,禄父,2
而已集,周公旦,2
而已集,曹郎,2
而已集,闻喜,2
而已集,庄子,2
而已集,通达,2
而已集,杨朱,2
而已集,文明,2
而已集,阿拉伯,2
而已集,余裕,2
而已集,向前走,2
而已集,才子佳人,2
而已集,刘邦,2
而已集,秦法,2
而已集,戴季陶,2
而已集,曾国藩,2
而已集,高祖,2
而已集,辟才,2
而已集,樊增祥,2
而已集,许寿裳,2
而已集,介亭,2
而已集,布政使,2
而已集,若夫,2
而已集,沙嘴,2
而已集,茅亭客,2
而已集,罗素,2
而已集,饶汉祥,2
而已集,张嘴,2
而已集,雍正,2
而已集,金梁,2
而已集,蒋先生,2
而已集,罗马字,2
而已集,胡先生,2
而已集,念兹在兹,2
而已集,司马法,2
而已集,溥仪,2
而已集,梁启超,2
而已集,蒋径,2
而已集,胡子,2
而已集,苗瑶,2
而已集,成仿吾,2
而已集,霍普,2
而已集,卫灵公,2
而已集,阿嶷,2
而已集,爱弥儿,2
而已集,辛克莱,2
而已集,秋瑾,2
而已集,仁兄,2
而已集,吉祥,2
而已集,绍兴人,2
而已集,徐锡麟,2
而已集,小宝,2
而已集,熊履堂,2
而已集,迟暮,2
而已集,张秀哲,2
而已集,徐先生,2
而已集,徐祖正,2
而已集,冯妇,2
而已集,张之洞,2
而已集,瓦浪斯,2
而已集,老翁,2
而已集,不免有些,2
而已集,凌迟,2
而已集,莫斯科,2
而已集,李老板,2
而已集,蔡松坡,2
而已集,徐志摩,2
而已集,吴友如,2
而已集,安徒生,2
而已集,耶稣,2
而已集,马裕藻,2
而已集,沈兼士,2
而已集,富豪,2
而已集,老婆子,2
而已集,史疑,2
而已集,浮士德,2
而已集,马寅初,2
而已集,余蕙,2
而已集,荻海,2
而已集,士大夫,2
而已集,班固,2
而已集,尚通,1
而已集,孔教,1
而已集,时髦,1
而已集,操独,1
而已集,魏初,1
而已集,宁可,1
而已集,易经,1
而已集,石钟乳,1
而已集,白石英,1
而已集,紫石英,1
而已集,衣少,1
而已集,高逸,1
而已集,高耸,1
而已集,墨涂唇,1
而已集,衣大,1
而已集,祖父母,1
而已集,晋礼,1
而已集,王何,1
而已集,晋朝人,1
而已集,阮二人,1
而已集,阮得,1
而已集,终其天年,1
而已集,嵇竟,1
而已集,解兮,1
而已集,何怀,1
而已集,殷民,1
而已集,汤武周,1
而已集,嵇阮,1
而已集,纪念周,1
而已集,阮浑,1
而已集,阿咸,1
而已集,宛然,1
而已集,嵇康师,1
而已集,魏末晋,1
而已集,陶集,1
而已集,林云,1
而已集,刘懋,1
而已集,巨鹿,1
而已集,汉灵帝,1
而已集,黄巾军,1
而已集,苍天,1
而已集,仲颖,1
而已集,刘辩,1
而已集,刘协,1
而已集,韩馥,1
而已集,王允,1
而已集,吕布,1
而已集,宫殿,1
而已集,郭汜,1
而已集,刘汉,1
而已集,桓帝延,1
而已集,尉李膺,1
而已集,太仆杜,1
而已集,郭泰,1
而已集,贾彪,1
而已集,桓帝,1
而已集,李膺,1
而已集,黄巾起义,1
而已集,孟德,1
而已集,封魏王,1
而已集,子曹丕,1
而已集,罗贯中,1
而已集,吴兴,1
而已集,清嘉庆,1
而已集,蒋壑,1
而已集,王毓藻,1
而已集,无锡人,1
而已集,申叔,1
而已集,孙毓筠,1
而已集,刘申叔,1
而已集,裴松之,1
而已集,魏武,1
而已集,闻里,1
而已集,童仆,1
而已集,言汝,1
而已集,丹闻,1
而已集,范冉,1
而已集,史云,1
而已集,陈留外,1
而已集,王沈,1
而已集,郭景图,1
而已集,郑康成,1
而已集,余香,1
而已集,诸舍中,1
而已集,印绶,1
而已集,吴郡,1
而已集,华亭,1
而已集,萧统,1
而已集,裘绂,1
而已集,言裘绂,1
而已集,张绣,1
而已集,封陈王,1
而已集,陈思王,1
而已集,丁晏,1
而已集,曹集,1
而已集,元仲,1
而已集,梁昭明,1
而已集,齐梁间,1
而已集,戈蒂叶,1
而已集,荣乐,1
而已集,古之,1
而已集,杨德祖,1
而已集,扬子,1
而已集,云先朝,1
而已集,金石之功,1
而已集,丁仪,1
而已集,吴伐蜀,1
而已集,孔璋,1
而已集,徐干伟,1
而已集,斯七子,1
而已集,于学无,1
而已集,咸以自骋骥,1
而已集,马录,1
而已集,高平,1
而已集,侍中,1
而已集,班俦,1
而已集,屠邺城,1
而已集,融乃,1
而已集,章怀太子,1
而已集,李贤,1
而已集,夏商亦,1
而已集,惜谷耳,1
而已集,郗虑复,1
而已集,路粹枉,1
而已集,亦复奚,1
而已集,崔琰,1
而已集,平叔,1
而已集,晏性,1
而已集,顾影,1
而已集,裴启,1
而已集,朱衣,1
而已集,帝始信,1
而已集,秦丞相,1
而已集,秦承祖,1
而已集,皇甫,1
而已集,华佗,1
而已集,仲景,1
而已集,张机,1
而已集,隋炀帝,1
而已集,寿光,1
而已集,葛洪传,1
而已集,荣利,1
而已集,侯白,1
而已集,魏孝文帝,1
而已集,诸王,1
而已集,亦云,1
而已集,今得石,1
而已集,王大,1
而已集,桓为,1
而已集,桓乃,1
而已集,桓以,1
而已集,何预卿,1
而已集,王叹,1
而已集,灵宝,1
而已集,尚书郎,1
而已集,夏侯尚,1
而已集,侍郎,1
而已集,常侍,1
而已集,袁彦伯,1
而已集,梁刘孝,1
而已集,王辅嗣,1
而已集,嵇叔,1
而已集,刘伯伦,1
而已集,阮仲容,1
而已集,王浚仲,1
而已集,刘孝标,1
而已集,彭城,1
而已集,宋武帝,1
而已集,司马炎代,1
而已集,唐书,1
而已集,玄晏,1
而已集,梁习传,1
而已集,张英,1
而已集,籍兄子,1
而已集,康善,1
而已集,刘伶字,1
而已集,伯伦,1
而已集,托言,1
而已集,止则操,1
而已集,嵇喜,1
而已集,大悦,1
而已集,常有子,1
而已集,胡母辅,1
而已集,王蒙传,1
而已集,王蒙,1
而已集,仲祖,1
而已集,王文,1
而已集,刘伶恒,1
而已集,晋纪,1
而已集,籍醉,1
而已集,张邈,1
而已集,周武王,1
而已集,管蔡,1
而已集,封叔,1
而已集,封叔度,1
而已集,子武庚,1
而已集,封叔旦,1
而已集,鲁而相,1
而已集,王少,1
而已集,蔡叔疑,1
而已集,周公之,1
而已集,蔡皆,1
而已集,周公践,1
而已集,武陟,1
而已集,魏元帝,1
而已集,曹奂,1
而已集,康作书,1
而已集,康自代,1
而已集,康答书,1
而已集,薄汤武,1
而已集,吕昭子,1
而已集,安妻,1
而已集,徐氏,1
而已集,安引康,1
而已集,康义,1
而已集,安亦,1
而已集,晋惠帝,1
而已集,左仆射,1
而已集,司马伦,1
而已集,赵王,1
而已集,王衍之,1
而已集,陈国阳,1
而已集,太康,1
而已集,太尉,1
而已集,今忠贤,1
而已集,若卿,1
而已集,田子方,1
而已集,鲁人,1
而已集,温伯雪子,1
而已集,成玄英,1
而已集,温伯,1
而已集,子浑,1
而已集,籍谓,1
而已集,仲容,1
而已集,阮熙,1
而已集,康居贫,1
而已集,康谓,1
而已集,左徒,1
而已集,魏常通,1
而已集,但宜敬,1
而已集,曲直,1
而已集,延祖,1
而已集,嵇绍传,1
而已集,彭泽令,1
而已集,归隐,1
而已集,陶渊明,1
而已集,梁代钟嵘,1
而已集,斯里,1
而已集,言辞,1
而已集,相贻,1
而已集,檀道鸾,1
而已集,续晋阳,1
而已集,王弘,1
而已集,弘语,1
而已集,汤汉,1
而已集,张伟,1
而已集,陶靖节,1
而已集,春秋战国,1
而已集,从先秦,1
而已集,古圣贤,1
而已集,祖先,1
而已集,陈旧,1
而已集,陈腐,1
而已集,美的,1
而已集,陆军军官,1
而已集,叶剑英,1
而已集,恽代英,1
而已集,萧楚女,1
而已集,斯洛伐,1
而已集,支奇,1
而已集,布衫,1
而已集,尼姑,1
而已集,汪洋,1
而已集,伦理道德,1
而已集,章廷谦,1
而已集,沛公,1
而已集,关者王,1
而已集,余悉,1
而已集,刑法志,1
而已集,萧何,1
而已集,陈迹,1
而已集,盖殊,1
而已集,日臻,1
而已集,明崇祯,1
而已集,刘斧,1
而已集,平正,1
而已集,思之,1
而已集,宋庄,1
而已集,季裕著,1
而已集,靖康,1
而已集,卓巢温,1
而已集,言夷狄,1
而已集,归德,1
而已集,阙里,1
而已集,灵光,1
而已集,诸君子,1
而已集,孔殷,1
而已集,老师宿儒,1
而已集,何哉,1
而已集,咸知,1
而已集,谢启,1
而已集,井然,1
而已集,吉祥止止,1
而已集,巧中生,1
而已集,易臻斯,1
而已集,明书,1
而已集,戴名世,1
而已集,吕留良,1
而已集,曾静,1
而已集,胡中藻,1
而已集,徐述夔,1
而已集,黄休,1
而已集,夏敬观,1
而已集,孤山,1
而已集,越轨,1
而已集,江孔殷,1
而已集,李福林,1
而已集,黎元洪,1
而已集,饶之,1
而已集,于饶,1
而已集,边的,1
而已集,柯罗量,1
而已集,王爷,1
而已集,贺表,1
而已集,黄榜,1
而已集,贺正,1
而已集,朱谕,1
而已集,同懋,1
而已集,汉军旗,1
而已集,静安,1
而已集,宋元,1
而已集,关系密切,1
而已集,清废帝,1
而已集,吴县人,1
而已集,黄体芳,1
而已集,缪荃孙,1
而已集,谭嗣同,1
而已集,傅增湘,1
而已集,封建王朝,1
而已集,史臣,1
而已集,袁希涛,1
而已集,宝山,1
而已集,蒋维乔,1
而已集,武进,1
而已集,郎中,1
而已集,刘体乾,1
而已集,刘于,1
而已集,孟蜀,1
而已集,齐威王,1
而已集,诸臣辑,1
而已集,孟昶,1
而已集,毋昭裔,1
而已集,伏园,1
而已集,包里,1
而已集,白塔寺,1
而已集,杨桃,1
而已集,何畏,1
而已集,红胡子,1
而已集,梁式,1
而已集,斯愈,1
而已集,英勇,1
而已集,康陶,1
而已集,德皇威,1
而已集,德军,1
而已集,王党,1
而已集,成仁,1
而已集,白居易,1
而已集,欧阳修,1
而已集,归田录,1
而已集,晏元献公,1
而已集,玉凉,1
而已集,叶赛宁,1
而已集,田园生活,1
而已集,梁先生,1
而已集,斯人也,1
而已集,矫正,1
而已集,简言之,1
而已集,智慧,1
而已集,阿诺德,1
而已集,卢骚,1
而已集,阿通,1
而已集,小峰,1
而已集,连劝,1
而已集,岑寂,1
而已集,钟敬文,1
而已集,师范,1
而已集,子谓,1
而已集,孙文,1
而已集,吐绶鸡,1
而已集,常扩,1
而已集,老太婆,1
而已集,韩秉猷,1
而已集,白云山,1
而已集,清宣统,1
而已集,赵声,1
而已集,黄花岗,1
而已集,陆尔奎,1
而已集,玄虚,1
而已集,敬谨,1
而已集,陶元庆氏,1
而已集,米突,1
而已集,章帝建,1
而已集,张秀哲君,1
而已集,张君,1
而已集,毋忘,1
而已集,郎著,1
而已集,屠伯,1
而已集,白石,1
而已集,阿阿,1
而已集,邓泽如,1
而已集,石沉大海,1
而已集,莫之,1
而已集,周密,1
而已集,华尔,1
而已集,陈年,1
而已集,章锡琛,1
而已集,任国桢,1
而已集,妙喻,1
而已集,萧伯纳,1
而已集,本华尔,1
而已集,顾惜,1
而已集,麻木,1
而已集,墨斯科,1
而已集,普天同,1
而已集,孙子,1
而已集,老法子,1
而已集,徐州人,1
而已集,武成,1
而已集,孔颖达,1
而已集,边远,1
而已集,左传,1
而已集,许广平,1
而已集,春秋笔法,1
而已集,陈万里,1
而已集,黄坚,1
而已集,陈独秀,1
而已集,仲甫,1
而已集,怀宁,1
而已集,封信,1
而已集,邵飘萍,1
而已集,苏曼殊,1
而已集,小桥,1
而已集,谈天,1
而已集,矫诏,1
而已集,巴结,1
而已集,袁公,1
而已集,爱国志士,1
而已集,光荣,1
而已集,吴公,1
而已集,林如稷,1
而已集,冯至,1
而已集,陈炜谟,1
而已集,陈翔鹤,1
而已集,吴昌龄,1
而已集,初杨,1
而已集,韦丛,1
而已集,李小峰,1
而已集,洪宪,1
而已集,戈公振,1
而已集,梁士诒,1
而已集,袁乃宽,1
而已集,邵阳,1
而已集,封禅,1
而已集,龙垂胡,1
而已集,龙乃,1
而已集,帝王,1
而已集,高升,1
而已集,牛耳,1
而已集,和西滢,1
而已集,太长久,1
而已集,郑重声明,1
而已集,凌叔华,1
而已集,孟轲,1
而已集,智愚贤,1
而已集,花翎,1
而已集,何代,1
而已集,杰士者,1
而已集,杰士,1
而已集,孟子曰,1
而已集,莫良,1
而已集,霍顿,1
而已集,童话集,1
而已集,嘉猷,1
而已集,石斋,1
而已集,罗隆基,1
而已集,王世杰,1
而已集,林纾,1
而已集,金兰,1
而已集,贾德耀,1
而已集,籍贯,1
而已集,徐谦,1
而已集,吴敬恒,1
而已集,易培基,1
而已集,顾兆熊,1
而已集,徐李,1
而已集,陈友仁,1
而已集,陈启修,1
而已集,蒋梦麟,1
而已集,陈垣,1
而已集,马叙伦,1
而已集,林玉堂,1
而已集,萧子升,1
而已集,李玄伯,1
而已集,徐炳昶,1
而已集,周树人,1
而已集,张凤举,1
而已集,陈大齐,1
而已集,丁维,1
而已集,王法,1
而已集,潘廷干,1
而已集,高鲁,1
而已集,李书华,1
而已集,徐宝璜,1
而已集,李麟玉,1
而已集,潘蕴巢,1
而已集,邓飞,1
而已集,彭齐群,1
而已集,徐巽,1
而已集,高穰,1
而已集,刘百昭,1
而已集,梁鼎,1
而已集,姜绍谟,1
而已集,郭春涛,1
而已集,纪人庆,1
而已集,段章,1
而已集,诸公,1
而已集,沈尹默,1
而已集,李泰,1
而已集,钱玄同,1
而已集,宣布独立,1
而已集,冯玉祥,1
而已集,张宗昌,1
而已集,林语堂,1
而已集,龙溪,1
而已集,余叶,1
而已集,马克思,1
而已集,马克斯,1
而已集,苏三,1
而已集,陈国,1
而已集,藤云,1
而已集,梦髯澳,1
而已集,向英官,1
而已集,赖济熙,1
而已集,周寿臣,1
而已集,后督宪,1
而已集,周爵,1
而已集,顾全,1
而已集,盖有爵,1
而已集,余兴,1
而已集,谈皇仁,1
而已集,老调子,1
而已集,明清两代,1
而已集,颜氏家训,1
而已集,齐朝,1
而已集,公卿,1
而已集,卿相,1
而已集,汝曹为,1
而已集,李心传,1
而已集,凡官汉,1
而已集,尼楚哈,1
而已集,许之,1
而已集,银珠哥,1
而已集,富僧,1
而已集,白云路,1
而已集,白云,1
而已集,高尔斯,1
而已集,华绥,1
而已集,高斯,1
而已集,梁萧统,1
而已集,燕然山,1
而已集,樊仲云,1
野草,鲁迅,11
野草,旷野,5
野草,叶子,5
野草,丁丁,4
野草,老翁,4
野草,阿阿,4
野草,白云,4
野草,波涛,4
野草,美的,4
野草,黎明,3
野草,明白,3
野草,梅花,3
野草,罗汉,3
野草,言语,3
野草,罗伊,2
野草,慈善家,2
野草,徐徐,2
野草,苍翠,2
野草,胡涂,2
野草,乔木,2
野草,静穆,2
野草,严冬,2
野草,光辉,2
野草,迟暮,2
野草,云锦,2
野草,寻人,2
野草,衣履,1
野草,荆冠,1
野草,菲薄,1
野草,黄和绿,1
野草,秋树,1
野草,余闲,1
野草,蒙昧,1
野草,雪亮,1
野草,毛瑟枪,1
野草,道德,1
野草,文明,1
野草,寿终,1
野草,沙石,1
野草,丛生,1
野草,蒙蒙,1
野草,陈旧,1
野草,紫发,1
野草,黑须,1
野草,向东,1
野草,托福,1
野草,西顾,1
野草,劳顿,1
野草,祝你平安,1
野草,祝你们,1
野草,关了门,1
野草,胡蝶,1
野草,满树,1
野草,敬奠,1
野草,慧星,1
野草,宝贵,1
野草,毛根,1
野草,惜哉,1
野草,宁静,1
野草,拉平,1
野草,勃古斋,1
野草,毛糙,1
野草,公羊传,1
野草,双燕图,1
野草,宝珠,1
野草,白中隐,1
野草,紫芽,1
野草,蓬勃,1
野草,天宇,1
野草,瓦松,1
野草,高天,1
野草,爱抚,1
野草,祝福,1
野草,向天,1
野草,暴风雨,1
野草,段祺瑞,1
野草,苏生,1
野草,杨柳,1
野草,小兄弟,1
野草,胡子,1
野草,宛然,1
野草,冉冉,1
野草,白杨,1
野草,金光,1
野草,红颜,1
野草,夏云,1
野草,相和鸣,1
野草,权威,1
野草,雷霆,1
野草,布大,1
野草,那威棱,1
野草,牛首阿,1
野草,焦枯,1
野草,乌合,1
野草,邱遇信,1
野草,孙福熙,1
野草,章廷谦,1
野草,高升,1
野草,蒋介石,1
野草,萧军信,1
野草,华盖,1
野草,杜鹃,1
野草,宝贝,1
野草,萨克,1
野草,英勇,1
野草,丛树,1
野草,伽蓝,1
野草,和尚,1
野草,小河,1
野草,柳树下,1
野草,银耳,1
野草,皮鞭,1
野草,大有希望,1
华盖集,章士钊,89
华盖集,鲁迅,34
华盖集,陈西滢,34
华盖集,杨荫榆,32
华盖集,宣言,32
华盖集,西滢,24
华盖集,段祺瑞,23
华盖集,文明,16
华盖集,明白,14
华盖集,胡同,14
华盖集,孔子,13
华盖集,胡适,12
华盖集,徐志摩,12
华盖集,陈源,12
华盖集,孟子,10
华盖集,庄子,10
华盖集,孔丘,9
华盖集,刘百昭,9
华盖集,袁世凯,8
华盖集,白话文,7
华盖集,朱熹,7
华盖集,杨先生,7
华盖集,吉祥,7
华盖集,华盖,7
华盖集,曹锟,6
华盖集,王世杰,6
华盖集,项羽,6
华盖集,古董,6
华盖集,梁启超,6
华盖集,天灵盖,6
华盖集,温良,5
华盖集,古文,5
华盖集,李仲揆,5
华盖集,毛丫头,5
华盖集,道德,5
华盖集,宋人,5
华盖集,韩非子,5
华盖集,章炳麟,5
华盖集,暴君,4
华盖集,孙中山,4
华盖集,吴佩孚,4
华盖集,胡涂,4
华盖集,向东,4
华盖集,须知,4
华盖集,无锡人,4
华盖集,公允,4
华盖集,秦始皇,4
华盖集,刘邦,4
华盖集,祖传,4
华盖集,千佛洞,4
华盖集,仓颉,4
华盖集,乾隆,4
华盖集,高仁山,4
华盖集,燕树棠,4
华盖集,泰戈尔,4
华盖集,孤桐,4
华盖集,祖母,4
华盖集,宁馨儿,4
华盖集,苏秦,4
华盖集,张仪,4
华盖集,木兰,4
华盖集,胡子,4
华盖集,葛天氏,4
华盖集,卢布,4
华盖集,罗马教皇,4
华盖集,李大钊,3
华盖集,张作霖,3
华盖集,孙伏园,3
华盖集,程颢,3
华盖集,冷一冷,3
华盖集,虞卿,3
华盖集,籍贯,3
华盖集,杨氏,3
华盖集,国之士,3
华盖集,楚霸王,3
华盖集,高祖,3
华盖集,左传,3
华盖集,和尚,3
华盖集,美的,3
华盖集,罗素,3
华盖集,孟轲,3
华盖集,胡敦复,3
华盖集,章氏,3
华盖集,萧纯锦,3
华盖集,唐宋八,3
华盖集,章太炎,3
华盖集,余庵,3
华盖集,福先,3
华盖集,牛乳,3
华盖集,冷笑,3
华盖集,老聃,3
华盖集,玄虚,3
华盖集,宋有,3
华盖集,释迦牟尼,3
华盖集,老先生,3
华盖集,从军,3
华盖集,孔明,3
华盖集,秦桧,3
华盖集,曹操,3
华盖集,刘歆,3
华盖集,彭允彝,3
华盖集,江震亚,3
华盖集,溥仪,3
华盖集,明崇祯,3
华盖集,颜回,3
华盖集,周公,3
华盖集,玄伯,3
华盖集,徐炳昶,3
华盖集,张歆海,3
华盖集,敬爱,2
华盖集,显微镜,2
华盖集,古奥,2
华盖集,王五,2
华盖集,沈钧,2
华盖集,阎罗,2
华盖集,文哉,2
华盖集,郑玄注,2
华盖集,安然,2
华盖集,阎罗王,2
华盖集,朱深,2
华盖集,宁可,2
华盖集,禹入,2
华盖集,莘莘学子,2
华盖集,公开信,2
华盖集,牛首阿,2
华盖集,曹子,2
华盖集,由校特,2
华盖集,冰其淋,2
华盖集,和光同尘,2
华盖集,蒋介石,2
华盖集,雪纹,2
华盖集,周树人,2
华盖集,李泰,2
华盖集,通伯,2
华盖集,古如兹,2
华盖集,金石,2
华盖集,陈氏,2
华盖集,子孙,2
华盖集,光绪皇帝,2
华盖集,诸葛亮,2
华盖集,黄丕烈,2
华盖集,吴骞,2
华盖集,希奇,2
华盖集,冯玉祥,2
华盖集,江阴人,2
华盖集,周文王,2
华盖集,李顺卿,2
华盖集,王桐龄,2
华盖集,李四光,2
华盖集,闻之,2
华盖集,宣布独立,2
华盖集,小雅,2
华盖集,晋书,2
华盖集,刘隗,2
华盖集,公正,2
华盖集,齐姜醉,2
华盖集,晋公子,2
华盖集,高明,2
华盖集,茅亭客,2
华盖集,孙女儿,2
华盖集,高超,2
华盖集,真宗,2
华盖集,广笑府,2
华盖集,恩惠,2
华盖集,吕纯阳,2
华盖集,马克思,2
华盖集,侍卫,2
华盖集,郁达夫,2
华盖集,李宸妃,2
华盖集,司马迁,2
华盖集,太上老君,2
华盖集,诸君,2
华盖集,杜甫,2
华盖集,菲薄,2
华盖集,立功,2
华盖集,诸生,2
华盖集,岳少保,2
华盖集,徐锡麟,2
华盖集,恩铭,2
华盖集,陶成章,2
华盖集,符契,2
华盖集,宝贝,2
华盖集,汤尔,2
华盖集,韩少保,2
华盖集,岳飞,2
华盖集,国子监,2
华盖集,绍兴人,2
华盖集,仲尼,2
华盖集,余杭,2
华盖集,陶弘景,2
华盖集,齐燮元,2
华盖集,白云苍狗,2
华盖集,后汉书,2
华盖集,白痴,2
华盖集,太祖,2
华盖集,师生,2
华盖集,滕文公,2
华盖集,汪懋祖,2
华盖集,相煎益,2
华盖集,阿丕,2
华盖集,阿植,2
华盖集,小东,2
华盖集,张胡,2
华盖集,李胡,2
华盖集,刘向,2
华盖集,余裕,2
华盖集,史官,2
华盖集,秦汉,2
华盖集,张献忠,2
华盖集,帝王,2
华盖集,清顺治,2
华盖集,黄帝,2
华盖集,林琴南,2
华盖集,易经,2
华盖集,子思,2
华盖集,王守仁,2
华盖集,徐世昌,2
华盖集,汤文武,2
华盖集,无怀氏,2
华盖集,孔二,2
华盖集,武则天,2
华盖集,梅契尼,2
华盖集,高尔基,2
华盖集,邵飘萍,2
华盖集,太妃,2
华盖集,萧伯纳,2
华盖集,章士钉,1
华盖集,张国淦,1
华盖集,孙嘉淦,1
华盖集,李大剑,1
华盖集,沈钊,1
华盖集,寿终,1
华盖集,望一望,1
华盖集,仰承,1
华盖集,立婉劝,1
华盖集,许慎著,1
华盖集,天津人,1
华盖集,乐亭,1
华盖集,王子,1
华盖集,陆师,1
华盖集,波纳尔,1
华盖集,黛依丝,1
华盖集,小乘,1
华盖集,法苑珠,1
华盖集,嘉福,1
华盖集,慈恩寺,1
华盖集,阿呀阿,1
华盖集,沙石,1
华盖集,宝贵,1
华盖集,牛马,1
华盖集,吕氏春秋,1
华盖集,慎大览,1
华盖集,赵策,1
华盖集,禹祖,1
华盖集,索薪,1
华盖集,曲礼,1
华盖集,卿大夫,1
华盖集,潘尼,1
华盖集,祁祁,1
华盖集,莘莘,1
华盖集,卫灵公,1
华盖集,颜渊,1
华盖集,公孙丑,1
华盖集,山九仞,1
华盖集,高吟,1
华盖集,黑云,1
华盖集,何干,1
华盖集,阴森,1
华盖集,童养媳,1
华盖集,赵国,1
华盖集,盛行于,1
华盖集,华丽,1
华盖集,红白,1
华盖集,曾子居卫,1
华盖集,陶征士,1
华盖集,陶渊明,1
华盖集,安帝义,1
华盖集,任国立,1
华盖集,续成,1
华盖集,若夫,1
华盖集,曹子勃,1
华盖集,曹社之谋,1
华盖集,郑德音,1
华盖集,刘和珍,1
华盖集,许广平,1
华盖集,姜伯,1
华盖集,荆有麟,1
华盖集,蓬勃,1
华盖集,荆棘,1
华盖集,宣武门,1
华盖集,丁香,1
华盖集,名琦,1
华盖集,向培良,1
华盖集,魏家,1
华盖集,文思泉涌,1
华盖集,宣言书,1
华盖集,郭沫若,1
华盖集,雪莱,1
华盖集,夏雪纹,1
华盖集,马裕藻,1
华盖集,沈尹默,1
华盖集,钱玄同,1
华盖集,沈兼士,1
华盖集,黄泉,1
华盖集,陈列,1
华盖集,尚能世,1
华盖集,玉佛,1
华盖集,封建王朝,1
华盖集,宿迁,1
华盖集,秦始皇帝,1
华盖集,梁与籍,1
华盖集,秦灭,1
华盖集,王朝,1
华盖集,常繇,1
华盖集,秦皇帝,1
华盖集,桑柔,1
华盖集,严复,1
华盖集,格莱那,1
华盖集,斯坦因,1
华盖集,木简,1
华盖集,伯希和,1
华盖集,瓦尔纳,1
华盖集,周颂,1
华盖集,高僧,1
华盖集,陆心源,1
华盖集,归安,1
华盖集,吴兴,1
华盖集,宋楼,1
华盖集,陆树藩,1
华盖集,兰室,1
华盖集,静嘉堂,1
华盖集,陈介祺,1
华盖集,寿卿,1
华盖集,钟山,1
华盖集,哈同,1
华盖集,明智,1
华盖集,哈同曾,1
华盖集,王国维,1
华盖集,习古礼,1
华盖集,伦理道德,1
华盖集,三皇五帝,1
华盖集,杜预注,1
华盖集,美玉,1
华盖集,伏羲,1
华盖集,林回,1
华盖集,谢不敏,1
华盖集,今是昨非,1
华盖集,辟成,1
华盖集,旷野,1
华盖集,井泉,1
华盖集,荆棘塞途,1
华盖集,白波,1
华盖集,田园,1
华盖集,李先生,1
华盖集,和西滢,1
华盖集,含胡,1
华盖集,苟全,1
华盖集,顾全,1
华盖集,仲揆,1
华盖集,卓越贡献,1
华盖集,伯明翰,1
华盖集,陆军,1
华盖集,司马相如,1
华盖集,巴蜀,1
华盖集,梁章,1
华盖集,布满,1
华盖集,封锁,1
华盖集,张贴,1
华盖集,诸侯,1
华盖集,章杨,1
华盖集,陶昌善,1
华盖集,石志泉,1
华盖集,查良钊,1
华盖集,萧友梅,1
华盖集,华芬,1
华盖集,马寅初,1
华盖集,丁燮林,1
华盖集,马蜂,1
华盖集,皮宗石,1
华盖集,云云,1
华盖集,李教授,1
华盖集,祝寿,1
华盖集,嘉许,1
华盖集,诸校冠,1
华盖集,严正,1
华盖集,孔颖达,1
华盖集,王敦,1
华盖集,隗诚,1
华盖集,胡人,1
华盖集,连贯,1
华盖集,北傍,1
华盖集,殷勤,1
华盖集,翩翩,1
华盖集,安能成,1
华盖集,封建思想,1
华盖集,柳宗元,1
华盖集,欧阳修,1
华盖集,苏洵,1
华盖集,苏轼,1
华盖集,苏辙,1
华盖集,王安石,1
华盖集,曾巩,1
华盖集,释词,1
华盖集,承清,1
华盖集,清道光,1
华盖集,宋本,1
华盖集,官修,1
华盖集,太贵,1
华盖集,敬畏,1
华盖集,小姑娘,1
华盖集,老太太,1
华盖集,苟安,1
华盖集,寿辰,1
华盖集,贺礼,1
华盖集,顾大局,1
华盖集,觉得很有,1
华盖集,欧美人,1
华盖集,保守派,1
华盖集,英伟,1
华盖集,光绪帝,1
华盖集,黄休,1
华盖集,徐梦莘,1
华盖集,宋徽宗,1
华盖集,宗绍兴,1
华盖集,夏敬观,1
华盖集,沈德符,1
华盖集,神宗,1
华盖集,明季北,1
华盖集,计六奇,1
华盖集,相衔接,1
华盖集,云居,1
华盖集,乐天,1
华盖集,张公,1
华盖集,田芮,1
华盖集,于州宪,1
华盖集,师氏,1
华盖集,达尔文,1
华盖集,冯梦龙,1
华盖集,范爱农,1
华盖集,福禄,1
华盖集,檀弓,1
华盖集,荀子,1
华盖集,白刃,1
华盖集,希冀,1
华盖集,爱惜羽毛,1
华盖集,冬烘先生,1
华盖集,温暾,1
华盖集,满天星,1
华盖集,诱掖奖劝,1
华盖集,斯泰,1
华盖集,叶绍钧,1
华盖集,宋史,1
华盖集,宋仁宗,1
华盖集,赵祯,1
华盖集,宋真宗,1
华盖集,李二妃,1
华盖集,刘妃,1
华盖集,李妃,1
华盖集,吕洞宾,1
华盖集,岳阳楼,1
华盖集,白牡丹,1
华盖集,牟利,1
华盖集,由鲁庄,1
华盖集,云奇,1
华盖集,任少卿,1
华盖集,藏诸名山,1
华盖集,恩格斯,1
华盖集,阿拉伯,1
华盖集,蔚麟,1
华盖集,老顽固,1
华盖集,明哲保身,1
华盖集,朱笔,1
华盖集,常用语,1
华盖集,张耀翔,1
华盖集,张之洞,1
华盖集,爱慕,1
华盖集,仇兆鳌,1
华盖集,杜诗,1
华盖集,夏三虫,1
华盖集,麻木,1
华盖集,那可真,1
华盖集,连陈源,1
华盖集,史可法,1
华盖集,张煌言,1
华盖集,朱之瑜,1
华盖集,拉百昭,1
华盖集,修正,1
华盖集,老太爷,1
华盖集,陶君,1
华盖集,谈禅,1
华盖集,张三李四,1
华盖集,张三,1
华盖集,白额虎,1
华盖集,李四,1
华盖集,大富翁,1
华盖集,谈天,1
华盖集,莫谈国,1
华盖集,立碑纪,1
华盖集,张知甫,1
华盖集,柳叶,1
华盖集,凤凰,1
华盖集,颜宗翰,1
华盖集,金军,1
华盖集,韩世忠,1
华盖集,宋抗金,1
华盖集,金太祖,1
华盖集,颜宗弼,1
华盖集,童生,1
华盖集,秋瑾,1
华盖集,陈英士,1
华盖集,广慈,1
华盖集,萧何,1
华盖集,曹参,1
华盖集,明王,1
华盖集,名炳麟,1
华盖集,南朝梁,1
华盖集,归顺,1
华盖集,咸通,1
华盖集,唐懿宗,1
华盖集,晁公武,1
华盖集,于章,1
华盖集,韩信,1
华盖集,侯传,1
华盖集,淳于意,1
华盖集,汉文帝,1
华盖集,毛头小子,1
华盖集,徐旭生,1
华盖集,温文尔雅,1
华盖集,古之,1
华盖集,垓下,1
华盖集,虞兮虞,1
华盖集,蓬莱,1
华盖集,通非通,1
华盖集,卢永祥,1
华盖集,费于,1
华盖集,诗圣,1
华盖集,斯须,1
华盖集,苍狗,1
华盖集,冯异传,1
华盖集,桑榆,1
华盖集,余光,1
华盖集,曾蒙,1
华盖集,党羽,1
华盖集,敬步,1
华盖集,封信,1
华盖集,赵匡胤,1
华盖集,陶谷,1
华盖集,史谱,1
华盖集,王钦若,1
华盖集,黎元洪,1
华盖集,汤化龙,1
华盖集,梁士诒,1
华盖集,王希礼,1
华盖集,顾问团,1
华盖集,宋玉,1
华盖集,李善,1
华盖集,司马彪,1
华盖集,孔空,1
华盖集,陈春,1
华盖集,永嘉,1
华盖集,陈傅良,1
华盖集,历大,1
华盖集,平正,1
华盖集,通达,1
华盖集,秋水,1
华盖集,陈君本,1
华盖集,汉姆,1
华盖集,雷德,1
华盖集,仲夏夜,1
华盖集,罗密欧,1
华盖集,朱丽叶,1
华盖集,王匡,1
华盖集,王凤,1
华盖集,绿林好汉,1
华盖集,刘百,1
华盖集,觉得惊奇,1
华盖集,尚希,1
华盖集,原谅,1
华盖集,曹子建,1
华盖集,吴县人,1
华盖集,杨者,1
华盖集,曹丕,1
华盖集,曹植,1
华盖集,冯惟,1
华盖集,丁晏,1
华盖集,曹集,1
华盖集,古之明,1
华盖集,寻来寻,1
华盖集,老学庵,1
华盖集,田登作郡,1
华盖集,中老仆,1
华盖集,薛保,1
华盖集,薛倚,1
华盖集,康健,1
华盖集,张慰慈,1
华盖集,慈母,1
华盖集,顾得,1
华盖集,泰誓,1
华盖集,静仁,1
华盖集,陈腐,1
华盖集,幸天相,1
华盖集,宝典,1
华盖集,曲直,1
华盖集,单留,1
华盖集,牛毛,1
华盖集,张李,1
华盖集,华胄,1
华盖集,古文明,1
华盖集,武功,1
华盖集,宋慈,1
华盖集,保皇党,1
华盖集,张勋,1
华盖集,有志于,1
华盖集,孔教,1
华盖集,魏书,1
华盖集,魏略,1
华盖集,隗禧,1
华盖集,左氏传,1
华盖集,左氏,1
华盖集,吴三桂,1
华盖集,李兵,1
华盖集,柳树,1
华盖集,阿修罗,1
华盖集,成其为,1
华盖集,翠朴,1
华盖集,王九,1
华盖集,杜鹃,1
华盖集,蓝缕,1
华盖集,杜撰,1
华盖集,荀卿,1
华盖集,梁刘勰,1
华盖集,蔡元培,1
华盖集,陈君,1
华盖集,王统照,1
华盖集,克司台,1
华盖集,查字典,1
华盖集,黄狗,1
华盖集,小家伙,1
华盖集,老章,1
华盖集,林少泉,1
华盖集,孔道,1
华盖集,列宁,1
华盖集,诸公,1
华盖集,郑重声明,1
华盖集,历史沿革,1
华盖集,于殷周,1
华盖集,孙子,1
华盖集,周武王,1
华盖集,王之弟,1
华盖集,成王,1
华盖集,孙师郑,1
华盖集,斯文,1
华盖集,孟皮,1
华盖集,道德经,1
华盖集,唐高宗,1
华盖集,李治,1
华盖集,高宗死,1
华盖集,周礼,1
华盖集,公羊传,1
华盖集,尔雅,1
华盖集,思黛儿,1
华盖集,斯拉夫,1
华盖集,小姐,1
华盖集,丁字,1
华盖集,辟才,1
华盖集,高义伯,1
华盖集,廖仲潜,1
华盖集,列夫,1
华盖集,果戈理,1
华盖集,郭歌,1
华盖集,王尔德,1
华盖集,何尔兹,1
华盖集,高尔斯,1
华盖集,华绥,1
华盖集,同宗,1
华盖集,高名尔基,1
华盖集,苍颉,1
华盖集,振青,1
华盖集,谢谢,1
华盖集,无特操,1
华盖集,伦叙,1
华盖集,古老,1
华盖集,老法子,1
华盖集,宛然,1
华盖集,玄同,1
华盖集,小东西,1
华盖集,唐河,1
华盖集,李宗侗,1
华盖集,徐树丕,1
华盖集,慈禧太后,1
华盖集,谭嗣同,1
华盖集,陈独秀,1
华盖集,严格执行,1
华盖集,施之,1
华盖集,顾忌,1
华盖集,丛生,1
华盖集,高风亮节,1
华盖集,吴先生,1
华盖集,巴结,1
华盖集,向来如此,1
华盖集,终亦,1
华盖集,小学生,1
华盖集,敬谨答,1
华盖集,金鼓喧阗,1
华盖集,屈尊,1
华盖集,顾正红,1
华盖集,邵振青,1
华盖集,柏林,1
华盖集,费边社,1
华盖集,斯大林,1
华盖集,虞洽卿,1
华盖集,广大群众,1
华盖集,凡一国,1
华盖集,庄公,1
华盖集,萧耀南,1
华盖集,沙皇,1
华盖集,高潮,1
彷徨,子君,37
彷徨,祖母,30
彷徨,祥林嫂,30
彷徨,连殳,26
彷徨,爱姑,21
彷徨,沛君,17
彷徨,靖甫,17
彷徨,老夫子,14
彷徨,黄三,11
彷徨,明白,10
彷徨,鲁镇,10
彷徨,阿阿,10
彷徨,阿随,9
彷徨,老婆子,8
彷徨,花白,7
彷徨,胡子,7
彷徨,柳妈,7
彷徨,益堂,7
彷徨,庄七光,7
彷徨,吉兆,6
彷徨,胡闹,6
彷徨,凡纲鉴,6
彷徨,吉光屯,6
彷徨,胡同,5
彷徨,严威,5
彷徨,寒暄,5
彷徨,祝福,5
彷徨,普悌思,5
彷徨,白帝城,5
彷徨,阿顺,5
彷徨,龙虎斗,5
彷徨,老娃,5
彷徨,老妈子,5
彷徨,小学生,5
彷徨,木叔,5
彷徨,钟馗,5
彷徨,和尚,4
彷徨,胡涂,4
彷徨,胡胡,4
彷徨,阿昭,4
彷徨,玉皇,4
彷徨,白开水,4
彷徨,索隐,4
彷徨,顾问,4
彷徨,魏大人,4
彷徨,庄木三,4
彷徨,庞庄,4
彷徨,红绿,4
彷徨,紫藤,3
彷徨,小东西,3
彷徨,雪莱,3
彷徨,言语,3
彷徨,麻木,3
彷徨,封信,3
彷徨,孔丘,3
彷徨,福礼,3
彷徨,小叔子,3
彷徨,青青,3
彷徨,阿毛,3
彷徨,祖宗,3
彷徨,老太太,3
彷徨,秦益堂,3
彷徨,老三,3
彷徨,汪月生,3
彷徨,西医,3
彷徨,张开,3
彷徨,吕纬甫,3
彷徨,小圈子,3
彷徨,小兄弟,3
彷徨,伯伯,3
彷徨,许钦文,3
彷徨,子孙,3
彷徨,罗马字母,3
彷徨,华盖,3
彷徨,高尔基,3
彷徨,座右铭,3
彷徨,王灵官,3
彷徨,蓝布,3
彷徨,谈禅,3
彷徨,花生米,3
彷徨,老家伙,3
彷徨,木三,3
彷徨,泰戈尔,2
彷徨,安闲,2
彷徨,官太太,2
彷徨,宁静,2
彷徨,赫胥黎,2
彷徨,但子君,2
彷徨,慈爱,2
彷徨,宝贵,2
彷徨,伯父,2
彷徨,易卜生,2
彷徨,道德,2
彷徨,阿发,2
彷徨,白云,2
彷徨,塞进,2
彷徨,孟母,2
彷徨,安逸,2
彷徨,鲁四,2
彷徨,福神,2
彷徨,乌裙,2
彷徨,卫家山,2
彷徨,林嫂,2
彷徨,张沛君,2
彷徨,兄弟怡怡,2
彷徨,冷笑,2
彷徨,日诗云,2
彷徨,裴伦,2
彷徨,朱熹,2
彷徨,万瑶,2
彷徨,高尔础,2
彷徨,石勒,2
彷徨,袁黄,2
彷徨,晋书,2
彷徨,阮籍,2
彷徨,拓跋,2
彷徨,王圭,2
彷徨,梁武帝,2
彷徨,老法子,2
彷徨,郭老娃,2
彷徨,旷野,2
彷徨,向来如此,2
彷徨,汲古阁,2
彷徨,罗汉,2
彷徨,申飞,2
彷徨,宾客,2
彷徨,从堂兄弟,2
彷徨,胡里胡涂,2
彷徨,宣言,2
彷徨,毛晋,2
彷徨,陈西滢,2
彷徨,盛夏,2
彷徨,大老爷,2
彷徨,阿叔,2
彷徨,乌龟,2
彷徨,谢谢,2
彷徨,和子君,1
彷徨,满怀希望,1
彷徨,玄色,1
彷徨,叶来,1
彷徨,布底,1
彷徨,宁帖,1
彷徨,老东西,1
彷徨,加厚,1
彷徨,张皇,1
彷徨,言辞,1
彷徨,托辞,1
彷徨,明白人,1
彷徨,谭中,1
彷徨,谈天,1
彷徨,那小官,1
彷徨,凝思,1
彷徨,苟安,1
彷徨,苏生,1
彷徨,比冰,1
彷徨,蔚蓝,1
彷徨,干辣椒,1
彷徨,言中,1
彷徨,王升,1
彷徨,饶恕,1
彷徨,爱尔,1
彷徨,西风,1
彷徨,今译,1
彷徨,达尔文,1
彷徨,国子监,1
彷徨,小女儿,1
彷徨,尼姑,1
彷徨,罗斯,1
彷徨,胡卢,1
彷徨,广润祥,1
彷徨,万年青,1
彷徨,左横,1
彷徨,何老伯,1
彷徨,卜薇园,1
彷徨,向四铭,1
彷徨,金印,1
彷徨,查字典,1
彷徨,檀香,1
彷徨,王公,1
彷徨,维新派,1
彷徨,季氏,1
彷徨,过庭之训,1
彷徨,孟轲,1
彷徨,王制,1
彷徨,康有,1
彷徨,梅花,1
彷徨,满天飞,1
彷徨,朱拓,1
彷徨,陈抟,1
彷徨,老祖,1
彷徨,通达,1
彷徨,黄中,1
彷徨,云散,1
彷徨,黄光,1
彷徨,陈旧,1
彷徨,周正,1
彷徨,盖起来,1
彷徨,卫婆,1
彷徨,阿牛,1
彷徨,阿呀阿,1
彷徨,卫若,1
彷徨,红布,1
彷徨,养蚕,1
彷徨,寻来寻,1
彷徨,柴上桂,1
彷徨,含胡,1
彷徨,阎罗,1
彷徨,钱财,1
彷徨,益翁,1
彷徨,胡琴,1
彷徨,白问山,1
彷徨,戴起,1
彷徨,墨晶,1
彷徨,望中,1
彷徨,呼啸声,1
彷徨,西升,1
彷徨,古槐,1
彷徨,那古槐,1
彷徨,牛吼,1
彷徨,靖甫生,1
彷徨,宝贝,1
彷徨,沛君擎,1
彷徨,太咸,1
彷徨,小便,1
彷徨,查一查,1
彷徨,冷冰冰,1
彷徨,冷汗,1
彷徨,康儿,1
彷徨,铁铸,1
彷徨,士寄来,1
彷徨,益翁正,1
彷徨,郝上善,1
彷徨,胡调,1
彷徨,慈善,1
彷徨,诸葛亮,1
彷徨,陆逊,1
彷徨,祖先,1
彷徨,罗斯金,1
彷徨,小雅,1
彷徨,毛诗,1
彷徨,洛思,1
彷徨,班驳,1
彷徨,张小,1
彷徨,老梅,1
彷徨,从晴绿,1
彷徨,张大,1
彷徨,希奇,1
彷徨,石居来,1
彷徨,和长富,1
彷徨,祝赞,1
彷徨,那小子,1
彷徨,伯羞,1
彷徨,白送,1
彷徨,孟子,1
彷徨,铁和石,1
彷徨,亚剌伯,1
彷徨,黄铜,1
彷徨,许可,1
彷徨,马克思,1
彷徨,体操,1
彷徨,明绿花,1
彷徨,墨绿,1
彷徨,绍兴人,1
彷徨,齐燮元,1
彷徨,卢永祥,1
彷徨,孙传芳,1
彷徨,王永泉,1
彷徨,杨森,1
彷徨,熊克武,1
彷徨,赵恒惕,1
彷徨,谭延,1
彷徨,郑兆松,1
彷徨,曼佛雷,1
彷徨,袁了凡,1
彷徨,桑树,1
彷徨,桑椹,1
彷徨,孔明,1
彷徨,周瑜,1
彷徨,黄忠,1
彷徨,夏侯渊,1
彷徨,秦琼,1
彷徨,毛家屯,1
彷徨,茅庐,1
彷徨,黄三便,1
彷徨,盛德,1
彷徨,醉倚青,1
彷徨,上碧霄,1
彷徨,邓孝翁,1
彷徨,莫道,1
彷徨,高君尔,1
彷徨,惠然肯来,1
彷徨,晋之,1
彷徨,宛然,1
彷徨,汪洋,1
彷徨,戴上红,1
彷徨,汤圆,1
彷徨,满屋子,1
彷徨,紫檀,1
彷徨,通鉴,1
彷徨,吴江,1
彷徨,明万历,1
彷徨,苏轼,1
彷徨,石苍舒,1
彷徨,醉墨堂,1
彷徨,吉旦,1
彷徨,阿列克,1
彷徨,马克西,1
彷徨,莫维,1
彷徨,高尔杰,1
彷徨,耶夫,1
彷徨,高名尔,1
彷徨,元稹,1
彷徨,乐天,1
彷徨,蓬莱,1
彷徨,赵嘏,1
彷徨,易经,1
彷徨,晋军,1
彷徨,魏王,1
彷徨,盖子,1
彷徨,轩昂,1
彷徨,和阔亭,1
彷徨,高德韶,1
彷徨,香橙,1
彷徨,黄头发,1
彷徨,白白,1
彷徨,松爽,1
彷徨,静穆,1
彷徨,文么,1
彷徨,南朝梁,1
彷徨,萧衍,1
彷徨,洪秀全,1
彷徨,鲁迅,1
彷徨,魏连殳,1
彷徨,须眉,1
彷徨,侍奉,1
彷徨,陈设,1
彷徨,大良,1
彷徨,和连殳,1
彷徨,小儿子,1
彷徨,顾忌,1
彷徨,陈列,1
彷徨,怀才,1
彷徨,闻喜,1
彷徨,明帖,1
彷徨,马弁,1
彷徨,大良二良,1
彷徨,周旋,1
彷徨,年富力强,1
彷徨,和大良,1
彷徨,冷清清,1
彷徨,安静,1
彷徨,子里,1
彷徨,光辉,1
彷徨,祖父母,1
彷徨,郁达夫,1
彷徨,南迁,1
彷徨,司马,1
彷徨,古阁,1
彷徨,王风,1
彷徨,采葛,1
彷徨,司马相如,1
彷徨,麻冠,1
彷徨,张嘴,1
彷徨,暴雷,1
彷徨,顾客,1
彷徨,释迦牟尼,1
彷徨,木莲,1
彷徨,连爹,1
彷徨,施家,1
彷徨,汪得贵,1
彷徨,红青,1
彷徨,和蔼近人,1
彷徨,连七,1
彷徨,巴结,1
彷徨,孔里塞,1
彷徨,黄焦焦,1
彷徨,老木,1
彷徨,爱姑明,1
彷徨,庄木,1
彷徨,大吉,1
彷徨,籍贯,1
彷徨,文昌,1
彷徨,后奎星,1
彷徨,陈耀文,1
彷徨,士昏礼,1
彷徨,纳吉,1
彷徨,纳征,1
热风,道德,20
热风,唐俟,17
热风,和尚,17
热风,诸公,14
热风,明白,11
热风,胡君,11
热风,鸳鸯蝴蝶,10
热风,袁世凯,10
热风,祖先,8
热风,周公,7
热风,暴君,7
热风,老先生,6
热风,鲁迅,6
热风,易卜生,6
热风,古董,6
热风,屠介纳夫,6
热风,盛德,6
热风,金瓶梅,6
热风,西哲,5
热风,子孙,5
热风,古文,5
热风,冷笑,5
热风,柯伯坚,5
热风,释迦牟尼,5
热风,童子军,5
热风,耶稣,5
热风,石印,5
热风,羲皇上人,4
热风,帝王,4
热风,宣言,4
热风,高祖,4
热风,郭歌,4
热风,鸠摩,4
热风,王羲之,4
热风,王国维,4
热风,诸四夷,4
热风,印象派,4
热风,小幡酉,4
热风,显微镜,4
热风,孔丘,4
热风,黄枚,4
热风,朱古律,4
热风,吴宓,4
热风,普天下,4
热风,黄帝,3
热风,东学西,3
热风,胡怀琛,3
热风,胡适,3
热风,严又陵,3
热风,严复,3
热风,孙中山,3
热风,文明,3
热风,云云,3
热风,祖传,3
热风,阴阳五行,3
热风,丹田,3
热风,任鸿隽,3
热风,白话文,3
热风,东雍,3
热风,高雅,3
热风,汤文武,3
热风,殷顽,3
热风,白桦,3
热风,段祺瑞,3
热风,陶斯道,3
热风,唐伯虎,3
热风,黄三太,3
热风,史德,3
热风,高僧,3
热风,达尔文,3
热风,桑间濮上,3
热风,冯省,3
热风,俞复,3
热风,丛志,3
热风,沈泊尘,3
热风,关羽,3
热风,应声虫,3
热风,雷丸,3
热风,吴宓君,3
热风,吴君,3
热风,陈独秀,3
热风,汪原,3
热风,花月痕,3
热风,汪静之,3
热风,胡里胡涂,3
热风,秦始皇帝,3
热风,刘邦,3
热风,项羽,3
热风,太史公,3
热风,乌托邦,3
热风,王公,3
热风,体操,3
热风,向前走,2
热风,胡服,2
热风,三皇五帝,2
热风,司马迁,2
热风,武灵王,2
热风,乔治,2
热风,葛来,2
热风,宝相花,2
热风,胡先生,2
热风,赫胥黎,2
热风,袁世,2
热风,宝贝,2
热风,荣光,2
热风,张之洞,2
热风,张献忠,2
热风,斯铎曼,2
热风,王朝,2
热风,涵秋,2
热风,希奇,2
热风,辛丑,2
热风,诸侯,2
热风,春秋战国,2
热风,周武王,2
热风,南方人,2
热风,左传,2
热风,孔教,2
热风,子曰诗云,2
热风,昌明,2
热风,阿难,2
热风,古雅,2
热风,沙士比,2
热风,斯坦因,2
热风,果戈理,2
热风,克鲁泡,2
热风,罗振玉,2
热风,木简,2
热风,梁朝,2
热风,老虎,2
热风,列宁,2
热风,张敬尧,2
热风,贝子花园,2
热风,柴圣,2
热风,木叶蝶,2
热风,陈旧,2
热风,陆费逵,2
热风,霍夫,2
热风,才子佳人,2
热风,兰亭序,2
热风,今译,2
热风,时切葭思,2
热风,黄莺,2
热风,敬畏,2
热风,张天师,2
热风,师云,2
热风,陈正敏,2
热风,武进,2
热风,江希张,2
热风,长青,2
热风,陶乐,2
热风,痴珠,2
热风,汪先生,2
热风,章鸿熙,2
热风,周纳,2
热风,过敏,2
热风,绮语,2
热风,汪君,2
热风,雪利,2
热风,释迦族,2
热风,牛马,2
热风,阎罗王,2
热风,朱朗翁,2
热风,朱谦之,2
热风,秦二世,2
热风,顾亭林,2
热风,贞操,2
热风,乌托,2
热风,白鹿洞,2
热风,谈虎,2
热风,匡庐,2
热风,胡先,2
热风,轩辕黄帝,2
热风,王勃,1
热风,滕王阁,1
热风,仰天,1
热风,仁义,1
热风,易古,1
热风,王图,1
热风,周静帝,1
热风,司马,1
热风,尉迟迥,1
热风,仁寿,1
热风,高锴,1
热风,杨素,1
热风,马谏,1
热风,纪传体,1
热风,王侯,1
热风,赵国,1
热风,李延寿,1
热风,隋文帝,1
热风,伏羲,1
热风,帝喾,1
热风,唐尧,1
热风,虞舜,1
热风,伏羲氏,1
热风,陶潜,1
热风,木塞,1
热风,兰花,1
热风,燕子,1
热风,美的,1
热风,亦名菽,1
热风,麻醉品,1
热风,颜渊,1
热风,仲尼,1
热风,后汉书,1
热风,斯之盛,1
热风,罗先,1
热风,郑振,1
热风,花似,1
热风,马足,1
热风,孙子,1
热风,奥国人,1
热风,师范,1
热风,胥黎,1
热风,斯密,1
热风,严译,1
热风,支那,1
热风,卢氏,1
热风,闵子骞,1
热风,弗论,1
热风,雅之至,1
热风,国之士,1
热风,列祖列宗,1
热风,小便,1
热风,傅斯年,1
热风,熊希龄,1
热风,劳乃,1
热风,宋育仁,1
热风,刘廷琛,1
热风,张勋,1
热风,清废帝,1
热风,溥仪,1
热风,扶清灭,1
热风,丁云,1
热风,温泉,1
热风,西艺,1
热风,任叔永,1
热风,钱玄同,1
热风,孔学,1
热风,牛二,1
热风,杨志,1
热风,智慧,1
热风,张公,1
热风,程颢,1
热风,朱熹,1
热风,伦理道德,1
热风,朴素,1
热风,格磔,1
热风,文以震,1
热风,李涵秋,1
热风,孔志约,1
热风,孔颖达,1
热风,樊宗,1
热风,陶宛,1
热风,斯拉夫,1
热风,乌克兰,1
热风,汉志,1
热风,李汝珍,1
热风,曾祖,1
热风,曾孙,1
热风,玄孙,1
热风,爱国志士,1
热风,周文王,1
热风,王之弟,1
热风,成王,1
热风,管叔,1
热风,蔡叔,1
热风,霍叔,1
热风,子武庚,1
热风,武王死,1
热风,武庚遂,1
热风,蒲姑,1
热风,谭腿,1
热风,燕燕莺莺,1
热风,觉得很有,1
热风,古老,1
热风,小狮子,1
热风,祝福,1
热风,武郎,1
热风,洪秀全,1
热风,澈底,1
热风,连根,1
热风,凯则,1
热风,任北洋,1
热风,齐庄公,1
热风,蔡元培,1
热风,绍兴人,1
热风,陈焕章,1
热风,诸夏,1
热风,西儒,1
热风,宁可,1
热风,柯仲软,1
热风,古之,1
热风,鲁巴,1
热风,老英,1
热风,和阗东,1
热风,北之,1
热风,易懂,1
热风,屠格涅夫,1
热风,武则天,1
热风,姚兴,1
热风,师之礼,1
热风,丘克朔夫,1
热风,加考释,1
热风,静安,1
热风,宋元,1
热风,罗盘,1
热风,江淹,1
热风,额济纳,1
热风,生焉,1
热风,言语,1
热风,刘敬叔,1
热风,刘邕,1
热风,孟灵休,1
热风,灵休,1
热风,边远,1
热风,白旗,1
热风,陈树,1
热风,山东人,1
热风,杨禹昌,1
热风,张先培,1
热风,黄之萌,1
热风,家珍,1
热风,孟圣,1
热风,天罡,1
热风,高明,1
热风,关圣,1
热风,帝君,1
热风,安邱人,1
热风,耶思柏森,1
热风,鹿皮,1
热风,立体派,1
热风,立方体,1
热风,士林,1
热风,文苑,1
热风,鸿儒,1
热风,徐枕亚,1
热风,陈蝶仙,1
热风,李定夷,1
热风,衣履,1
热风,日置益,1
热风,木呈,1
热风,张三李四,1
热风,李四,1
热风,玄虚,1
热风,那可真,1
热风,兰亭集序,1
热风,罗马字,1
热风,易心后,1
热风,德军,1
热风,文宣王,1
热风,文宣,1
热风,立专祠,1
热风,阿波罗,1
热风,仁厚,1
热风,于今,1
热风,和睦,1
热风,东方发白,1
热风,张口,1
热风,元德秀,1
热风,秦风,1
热风,白露,1
热风,巧克力,1
热风,鬼混,1
热风,若遇某,1
热风,星君居焉,1
热风,张元旭,1
热风,东渐,1
热风,张天,1
热风,师傅,1
热风,济公,1
热风,斯言,1
热风,须知,1
热风,蒋维乔,1
热风,任北,1
热风,铃木,1
热风,柯弗,1
热风,江钟秀,1
热风,李佳白,1
热风,童子,1
热风,扬言,1
热风,敬天畏,1
热风,东方朔,1
热风,玉历钞,1
热风,清宣宗,1
热风,无锡人,1
热风,名敬恒,1
热风,言中,1
热风,李时珍,1
热风,方盛,1
热风,于君臣,1
热风,杨永植,1
热风,张群,1
热风,章明义,1
热风,言废德,1
热风,仇孝,1
热风,邓实,1
热风,章太炎,1
热风,刘师培,1
热风,望勿,1
热风,陶君,1
热风,秋痕,1
热风,胡适之,1
热风,康健,1
热风,庄子,1
热风,魏秀仁,1
热风,子安,1
热风,梁溪,1
热风,道德家,1
热风,和雪利,1
热风,雪利之,1
热风,和君,1
热风,敬和,1
热风,爱情诗,1
热风,章衣萍,1
热风,胡梦,1
热风,兰陵笑笑,1
热风,路温舒,1
热风,晋灼,1
热风,周悉,1
热风,孟子,1
热风,秦汉,1
热风,戴圣,1
热风,乔答摩,1
热风,浮士德,1
热风,维特之,1
热风,雪莱,1
热风,春秋笔法,1
热风,胡涂,1
热风,拜老师,1
热风,权威,1
热风,束修,1
热风,富豪,1
热风,龙颜,1
热风,阎罗殿,1
热风,西医,1
热风,老天爷,1
热风,诸葛亮,1
热风,容纳,1
热风,宣传者,1
热风,何谓,1
热风,玉帛,1
热风,不免有些,1
热风,薄明,1
热风,蒲坂,1
热风,慧绍,1
热风,僧瑜,1
热风,慧益,1
热风,僧庆,1
热风,普圆传,1
热风,武功,1
热风,封建王朝,1
热风,秦灭,1
热风,常繇,1
热风,秦皇帝,1
热风,楚霸王,1
热风,梁与籍,1
热风,荆棘,1
热风,乐天,1
热风,尤能,1
热风,白粉墙,1
热风,秋收,1
热风,曹锟,1
热风,张皇,1
热风,加楦,1
热风,闻者,1
热风,太远,1
热风,楚王,1
热风,伍奢,1
热风,大鹏,1
热风,金翅鸟,1
热风,毛举,1
热风,张皇旧,1
热风,梁启超,1
热风,汤化龙,1
热风,孙伏园,1
热风,梅光,1
热风,简章,1
热风,宁古塔,1
热风,梅光迪,1
热风,萧纯锦,1
热风,马承敢,1
热风,邵祖平,1
热风,顾炎武,1
热风,齐风,1
热风,莫尔,1
热风,夏阳,1
热风,尚矣,1
热风,雅驯,1
热风,封禅,1
热风,裴马,1
热风,李奇,1
热风,汤文潞,1
热风,玄女传,1
热风,尼姑,1
热风,左伸,1
热风,武松,1
热风,乌龙,1
热风,管窥,1
热风,满清,1
热风,王载漪,1
热风,刚毅,1
热风,慈禧太后,1
热风,光绪帝,1
热风,立载漪,1
热风,马良,1
坟,鲁迅,29
坟,道德,24
坟,袁世凯,24
坟,章士钊,23
坟,雷峰塔,23
坟,胡子,21
坟,费厄泼赖,16
坟,明白,15
坟,祖宗,15
坟,文明,13
坟,费厄,13
坟,子孙,12
坟,古文,12
坟,孔丘,12
坟,胡适,12
坟,段祺瑞,11
坟,林琴南,10
坟,曹操,10
坟,白话文,9
坟,陈西滢,9
坟,和尚,7
坟,孙中山,7
坟,孟子,7
坟,许仙,7
坟,黄帝,6
坟,贞操,6
坟,老先生,6
坟,梁启超,6
坟,庄子,6
坟,张献忠,6
坟,左传,6
坟,牛马,6
坟,王莽,6
坟,胡涂,6
坟,华盖,6
坟,秋瑾,6
坟,宋太祖,5
坟,道德家,5
坟,光荣,5
坟,富翁,5
坟,章太炎,5
坟,易卜生,5
坟,诸君,5
坟,庄周,5
坟,杨荫榆,5
坟,邢子才,5
坟,支那,5
坟,孔庙,4
坟,陈独秀,4
坟,钱玄同,4
坟,唐人,4
坟,黄萧养,4
坟,邹容,4
坟,爱罗先,4
坟,清顺治,4
坟,宣言,4
坟,师范,4
坟,文昌,4
坟,士大夫,4
坟,西滢,4
坟,莫谈国,4
坟,梅兰芳,4
坟,黛玉,4
坟,刘百昭,4
坟,林语堂,4
坟,清乾隆,3
坟,古董,3
坟,金石,3
坟,刘半农,3
坟,孔孟,3
坟,朱熹,3
坟,苏曼殊,3
坟,朱舜水,3
坟,张苍水,3
坟,毋友,3
坟,罗诗力,3
坟,袁军,3
坟,李贺,3
坟,阿尔志跋,3
坟,惠略夫,3
坟,帝君,3
坟,郭沫若,3
坟,子女玉帛,3
坟,小姐,3
坟,魏忠贤,3
坟,孙美瑶,3
坟,雷峰,3
坟,水满金山,3
坟,孙伏园,3
坟,花之,3
坟,老狗,3
坟,门第,3
坟,陈源,3
坟,武帝,3
坟,后汉书,3
坟,黄巢,3
坟,任凭,3
坟,陶醉,3
坟,苍颉,3
坟,山海经,3
坟,宝贝,3
坟,毛发,3
坟,孙子,3
坟,泰戈尔,3
坟,蔡元培,3
坟,荆生,3
坟,老复丁,3
坟,方正,3
坟,顾忌,3
坟,胡里胡涂,2
坟,武梁祠,2
坟,谈天,2
坟,元世祖,2
坟,古奥,2
坟,惜夫,2
坟,完泽笃,2
坟,双烈,2
坟,钱谦益,2
坟,布满,2
坟,怀春,2
坟,唐俟,2
坟,张勋,2
坟,溥仪,2
坟,仲甫,2
坟,盛德,2
坟,丛志,2
坟,封建礼教,2
坟,明崇祯,2
坟,封建道德,2
坟,屠城记,2
坟,周召,2
坟,盛世,2
坟,过拜伦,2
坟,撒芷波,2
坟,朱之瑜,2
坟,张煌言,2
坟,吴宓,2
坟,白玉,2
坟,涸辙之鲋,2
坟,释迦牟尼,2
坟,梁惠王,2
坟,范源廉,2
坟,王攘夷,2
坟,童养媳,2
坟,古老,2
坟,陶冶,2
坟,言语,2
坟,道德行为,2
坟,乔木,2
坟,都介涅夫,2
坟,高明,2
坟,容纳,2
坟,古哲,2
坟,有志于,2
坟,苟安,2
坟,卫灵公,2
坟,孔子,2
坟,祖母,2
坟,金山寺,2
坟,玉皇大帝,2
坟,吴越王,2
坟,广弘明,2
坟,元景,2
坟,余荫,2
坟,子良,2
坟,阳春白雪,2
坟,高尔基,2
坟,晋武帝,2
坟,诸侯,2
坟,蔡松坡,2
坟,美其名曰,2
坟,罗素,2
坟,王仙芝,2
坟,滕文公,2
坟,胡崇轩,2
坟,秦汉,2
坟,索子,2
坟,龙御上宾,2
坟,陶潜,2
坟,刑天舞,2
坟,小雅,2
坟,王朝,2
坟,李大人,2
坟,曾孙,2
坟,白昼,2
坟,麻姑,2
坟,罗丹,2
坟,戈尔,2
坟,吴昌硕,2
坟,翟义,2
坟,蒋介石,2
坟,苗裔,2
坟,瑞琴,2
坟,奚谷,2
坟,孝悌,2
坟,斯宾塞,2
坟,谷奚,2
坟,王详,2
坟,晋书,2
坟,庾黔娄,2
坟,咸与维新,2
坟,徐锡麟,2
坟,朱瑞,2
坟,周兴,2
坟,陈列,2
坟,汤若望,2
坟,杨光先,2
坟,修正,2
坟,陈迹,2
坟,刘伶,2
坟,曹孟德,2
坟,关羽,2
坟,岳飞,2
坟,周树人,2
坟,栗子,2
坟,孔二,2
坟,孤桐,2
坟,黎明,2
坟,柏林,2
坟,今年夏天,1
坟,栗然,1
坟,白杨,1
坟,元明,1
坟,孳孳汲汲,1
坟,齐鲁,1
坟,燕晋,1
坟,秦陇,1
坟,巴蜀,1
坟,代之,1
坟,洪水,1
坟,公冶长,1
坟,张玉书,1
坟,仁和,1
坟,蓬莱阁,1
坟,嘉祥县,1
坟,武宅山,1
坟,武氏,1
坟,石室中,1
坟,赵明诚,1
坟,武氏石,1
坟,阙铭,1
坟,范文虎,1
坟,明治天皇,1
坟,鬼混,1
坟,都阁,1
坟,汉至唐,1
坟,薛禅皇帝,1
坟,望月,1
坟,宋元,1
坟,弗论,1
坟,赵钱孙,1
坟,祝赞,1
坟,保皇党,1
坟,清废帝,1
坟,徐世昌,1
坟,怀宁,1
坟,俞复,1
坟,陆费逵,1
坟,孟轲,1
坟,吴兴人,1
坟,江阴人,1
坟,李大钊,1
坟,刘师培,1
坟,谢野,1
坟,程氏,1
坟,薛禅,1
坟,宗铁穆耳,1
坟,元武宗,1
坟,元末明,1
坟,张士诚,1
坟,潘元绍,1
坟,徐达,1
坟,张羽,1
坟,牧斋,1
坟,侍郎,1
坟,南明弘,1
坟,任礼部,1
坟,苏郡,1
坟,俞樾,1
坟,陈媪,1
坟,归有光,1
坟,汪中,1
坟,俞正燮,1
坟,贞烈,1
坟,荣耀,1
坟,花布,1
坟,萨芷波,1
坟,冷宫,1
坟,花瑶草,1
坟,多得很,1
坟,仇甲,1
坟,仇乙,1
坟,曾予,1
坟,爱娇,1
坟,天骄,1
坟,萨福,1
坟,玄瑛,1
坟,古体诗,1
坟,星耶峰,1
坟,裴多菲,1
坟,黎萨,1
坟,霍普,1
坟,王秀楚,1
坟,朱子,1
坟,余姚人,1
坟,玄著,1
坟,南明抗,1
坟,朱以海,1
坟,武生,1
坟,广智,1
坟,章炳麟,1
坟,马前卒,1
坟,王无道,1
坟,周公二,1
坟,周厉王,1
坟,王政,1
坟,任陆军,1
坟,宁海人,1
坟,明惠帝,1
坟,惠帝,1
坟,燕王,1
坟,铁良,1
坟,劳乃宣,1
坟,刘廷琛,1
坟,宋育仁,1
坟,宋教仁,1
坟,宋教,1
坟,徐树铮,1
坟,童话集,1
坟,爱罗,1
坟,忆爱罗先,1
坟,阿妈,1
坟,紫红,1
坟,高雅,1
坟,陈腐,1
坟,权之,1
坟,耶稣,1
坟,昌谷,1
坟,李长吉,1
坟,玉楼赴召,1
坟,李商隐,1
坟,小传,1
坟,石文者,1
坟,阿弥女,1
坟,帝成,1
坟,立召君,1
坟,沙皇统治,1
坟,成正觉,1
坟,静思,1
坟,广大群众,1
坟,和帝,1
坟,于监河,1
坟,周问,1
坟,吴越之,1
坟,迎子,1
坟,斯瓦尔,1
坟,亚剌伯,1
坟,母良妻,1
坟,贺信,1
坟,恨恶,1
坟,古雅,1
坟,阴森,1
坟,严霜,1
坟,诸科,1
坟,王攘,1
坟,封建性,1
坟,梁章,1
坟,曾延僧,1
坟,张亚,1
坟,禄籍,1
坟,阴德,1
坟,敬慎,1
坟,鲁哀公,1
坟,楚辞,1
坟,秦竹平,1
坟,索菲娅,1
坟,卡雅,1
坟,爱伦,1
坟,太长久,1
坟,英伟,1
坟,古董商,1
坟,李四,1
坟,绿豆芽,1
坟,师大附中,1
坟,李石岑,1
坟,郭沫,1
坟,安娜,1
坟,卡列尼,1
坟,屠格涅夫,1
坟,罗亭,1
坟,欧美人,1
坟,墨斯科,1
坟,西北风,1
坟,丘未,1
坟,今贤,1
坟,管牢监,1
坟,胡人,1
坟,孤城,1
坟,易代,1
坟,魏书,1
坟,荀蔼传,1
坟,灵公,1
坟,朱墨,1
坟,天启,1
坟,归忠贤,1
坟,陆万龄,1
坟,曲礼,1
坟,纪律严明,1
坟,吴三桂,1
坟,李兵,1
坟,寻夫,1
坟,杭州人,1
坟,保叔塔,1
坟,钱王,1
坟,田夫野老,1
坟,吴越,1
坟,罗汉,1
坟,老禅师,1
坟,宋开宝,1
坟,王妃,1
坟,陈遇乾,1
坟,金山,1
坟,东晋时,1
坟,士林,1
坟,法海和尚,1
坟,宝石,1
坟,朱国桢,1
坟,宋咸平,1
坟,时僧永,1
坟,郎瑛,1
坟,僧永保,1
坟,师叔,1
坟,施之兽,1
坟,无赖汉,1
坟,何代,1
坟,子才,1
坟,华胄,1
坟,帝王,1
坟,卿士,1
坟,呼仲甫,1
坟,呼君宝,1
坟,文雅,1
坟,温文尔雅,1
坟,仁义,1
坟,杨荫,1
坟,籍贯,1
坟,通伯,1
坟,楚成王,1
坟,王子,1
坟,楚穆王,1
坟,杜预注,1
坟,刘子业,1
坟,言于帝,1
坟,于陵,1
坟,文苑,1
坟,黄祖,1
坟,李贤注,1
坟,班固,1
坟,汉孝武,1
坟,栗姬,1
坟,景帝,1
坟,刘义庆,1
坟,孙秀,1
坟,蒯氏,1
坟,赵策,1
坟,周烈王,1
坟,齐后,1
坟,周怒,1
坟,东藩,1
坟,田婴齐,1
坟,王勃,1
坟,陈琳,1
坟,袁绍,1
坟,曹嵩,1
坟,曹腾,1
坟,晋至唐,1
坟,太常卿,1
坟,王昕,1
坟,拓跋,1
坟,王圭,1
坟,魏王,1
坟,杨朝英,1
坟,卢布,1
坟,高超,1
坟,小玩艺,1
坟,寻草,1
坟,宋末元,1
坟,辟路,1
坟,智愚贤,1
坟,沙尘,1
坟,古圣先贤,1
坟,于北魏,1
坟,王臣公,1
坟,士臣,1
坟,高丽,1
坟,练兵,1
坟,蔡锷,1
坟,邵阳,1
坟,元太宗,1
坟,成吉思汗,1
坟,冯承钧,1
坟,王仕云,1
坟,弘光,1
坟,李兆洛,1
坟,黄遵宪,1
坟,西蜀,1
坟,后燕,1
坟,南燕,1
坟,西凉,1
坟,北燕,1
坟,曹州,1
坟,唐乾,1
坟,李克用,1
坟,汤誓,1
坟,夏桀,1
坟,颜师古,1
坟,仲瑚,1
坟,从崇轩,1
坟,那塔砖,1
坟,萧寺清,1
坟,阎罗,1
坟,卢梭,1
坟,纳尔,1
坟,何乐,1
坟,胡来,1
坟,小便宜,1
坟,化吉,1
坟,胡也频,1
坟,张耀翔,1
坟,白话诗,1
坟,李斗,1
坟,云锣,1
坟,春秋笔法,1
坟,何居,1
坟,子儿,1
坟,朱元璋,1
坟,周成王,1
坟,宣王,1
坟,五胡,1
坟,柳树,1
坟,明末农民,1
坟,凤凰,1
坟,夏意,1
坟,盛夏,1
坟,桑树,1
坟,小青虫,1
坟,祝道,1
坟,慈母,1
坟,麻醉,1
坟,圣经贤传,1
坟,道嘉猷,1
坟,牛羊,1
坟,旷达,1
坟,小宛,1
坟,郑玄注,1
坟,蒲卢,1
坟,桑虫,1
坟,祝之,1
坟,肖之矣,1
坟,陶弘景,1
坟,房尔,1
坟,于壁,1
坟,芦竹,1
坟,管中,1
坟,斯为谬,1
坟,掌禹锡,1
坟,陶云,1
坟,洪范,1
坟,王之制,1
坟,顾问,1
坟,古德,1
坟,颜渊,1
坟,封禅,1
坟,陶渊明,1
坟,英才,1
坟,齐平,1
坟,小康之家,1
坟,尚矣,1
坟,老太太,1
坟,小便,1
坟,满庭芳,1
坟,全家福,1
坟,常语,1
坟,莫如,1
坟,明烛,1
坟,福相,1
坟,诗圣,1
坟,祝寿,1
坟,华尔,1
坟,玉照,1
坟,诸君子,1
坟,和岐伯,1
坟,东郡,1
坟,翟义党,1
坟,王孙,1
坟,宁一玉,1
坟,王廷,1
坟,李时珍,1
坟,曾国藩,1
坟,李鸿章,1
坟,鲍超,1
坟,维新派,1
坟,包拯,1
坟,刘伶恒,1
坟,言中,1
坟,王平,1
坟,胡母彦,1
坟,李普斯,1
坟,暴君,1
坟,杨昌济,1
坟,闻南,1
坟,尔汝歌,1
坟,汝为臣,1
坟,令汝寿,1
坟,万春,1
坟,葛洪,1
坟,曹雪芹,1
坟,王尔德,1
坟,克利斯,1
坟,高尔杰,1
坟,耶夫,1
坟,名俊卿,1
坟,安吉,1
坟,金心异,1
坟,狄莫,1
坟,陶然亭,1
坟,田生,1
坟,狄生,1
坟,李白,1
坟,万户侯,1
坟,小老婆,1
坟,李宝嘉,1
坟,伯元,1
坟,武进,1
坟,吴沃尧,1
坟,恨海,1
坟,郁达夫,1
坟,成仿吾,1
坟,斯亦,1
坟,程克,1
坟,孙竹丹,1
坟,辛丑,1
坟,名炳麟,1
坟,余杭,1
坟,章太,1
坟,伯玉,1
坟,王世杰,1
坟,徐志摩,1
坟,涵庐,1
坟,周武王,1
坟,周文王,1
坟,武王,1
坟,仁政,1
坟,白旗,1
坟,冯玉祥,1
坟,宝贵,1
坟,古传,1
坟,施恩,1
坟,爱己,1
坟,潘家洵,1
坟,幼雏,1
坟,祖先,1
坟,圣贤书,1
坟,尤异,1
坟,唐有,1
坟,子之,1
坟,亦复奚,1
坟,孔府,1
坟,恩威,1
坟,周旋,1
坟,苟延,1
坟,李卓吾,1
坟,卓吾,1
坟,李卓,1
坟,李贽,1
坟,伦理道德,1
坟,阮孝绪,1
坟,司马,1
坟,王武子,1
坟,武子,1
坟,高尔顿,1
坟,文蔚,1
坟,陈留,1
坟,汉献帝,1
坟,皮尔斯,1
坟,杜威,1
坟,孟宗,1
坟,白居易,1
坟,白氏,1
坟,常欲生,1
坟,南朝梁,1
坟,梁书,1
坟,庾易,1
坟,二十四孝,1
坟,孔门,1
坟,赵岐注,1
坟,于礼,1
坟,禄仕,1
坟,赛狗会,1
坟,公允,1
坟,平正,1
坟,钟爱,1
坟,洪福齐天,1
坟,须俟,1
坟,仁恕,1
坟,西医,1
坟,保镳,1
坟,龙溪,1
坟,红宝石,1
坟,轩亭,1
坟,世凯,1
坟,章介眉,1
坟,胡道南,1
坟,无锡人,1
坟,柳子厚,1
坟,石焉者,1
坟,崔通,1
坟,太后,1
坟,来俊臣,1
坟,郭泰,1
坟,贾彪,1
坟,李膺,1
坟,于汉,1
坟,桓帝延,1
坟,顾宪成,1
坟,高攀,1
坟,刘于,1
坟,蒲陶,1
坟,汉武通,1
坟,天禄,1
坟,辟邪,1
坟,过敏,1
坟,云云,1
坟,却明明,1
坟,罗马字母,1
坟,祖仁,1
坟,阮元,1
坟,斯亦奇,1
坟,余烈,1
坟,老翁,1
坟,宋镜,1
坟,薄冰,1
坟,诸位先生,1
坟,陈中夏,1
坟,汪曰桢,1
坟,西如,1
坟,含胡,1
坟,余文,1
坟,博采,1
坟,陆士衡,1
坟,裘绂,1
坟,普照寺,1
坟,伯伦,1
坟,刘伶传,1
坟,常乘鹿,1
坟,朱光潜,1
坟,胡适之,1
坟,韩非子,1
坟,吴郡,1
坟,华亭,1
坟,魏武帝,1
坟,藏书阁,1
坟,印绶,1
坟,大吉,1
坟,老太爷,1
坟,千金小姐,1
坟,旷野,1
坟,才子佳人,1
坟,明未,1
坟,封神,1
坟,杜绝,1
坟,贾氏,1
坟,兰桂齐芳,1
坟,宝玉,1
坟,刘信,1
坟,痴儿,1
坟,屠焚儿,1
坟,母延命,1
坟,史实,1
坟,杜渐,1
坟,玄黄赋,1
坟,平居无,1
坟,尚希,1
坟,白发,1
坟,桂花,1
坟,盘龙,1
坟,千钧,1
坟,大老爷,1
坟,吴兴,1
坟,博爱,1
坟,诸公,1
坟,周公之,1
坟,胡牵,1
坟,张作霖,1
坟,释词,1
坟,承清,1
坟,张丹,1
坟,延礼,1
坟,巨公,1
坟,易节,1
坟,晋成公,1
坟,单襄公,1
坟,玄黄,1
坟,隋炀帝,1
坟,顾谓萧,1
坟,牧刘表,1
坟,毛邦伟,1
坟,宣公,1
坟,白水,1
坟,薛大可,1
坟,黄鹏,1
坟,仁寿,1
坟,高潮,1
坟,费希特,1
坟,黄狗,1
坟,鲍相,1
坟,王敖,1
坟,文武,1
坟,任佥,1
坟,敬神,1
坟,孟皮,1
坟,吴敬恒,1
故事新编,伯夷,61
故事新编,庄子,60
故事新编,鲁迅,34
故事新编,楚王,25
故事新编,孔子,20
故事新编,养老,19
故事新编,洪水,15
故事新编,武王,15
故事新编,墨翟,14
故事新编,诸侯,14
故事新编,明白,13
故事新编,庄周,13
故事新编,老聃,13
故事新编,关尹喜,13
故事新编,孔丘,12
故事新编,桑楚,11
故事新编,王后,10
故事新编,和叔齐,10
故事新编,小东西,9
故事新编,侏儒,8
故事新编,宋国,7
故事新编,山海经,7
故事新编,帝王,7
故事新编,王升,6
故事新编,马鞭,6
故事新编,孔颖达,6
故事新编,花白,6
故事新编,宝贝,6
故事新编,松明,6
故事新编,王妃,6
故事新编,阿呼,6
故事新编,木札,6
故事新编,怀山襄陵,6
故事新编,伏羲,6
故事新编,老婆子,5
故事新编,黄帝,5
故事新编,孟子,5
故事新编,门丁,5
故事新编,胡涂,5
故事新编,向天,5
故事新编,胡子,5
故事新编,冷笑,5
故事新编,林语堂,5
故事新编,秦始皇,5
故事新编,蓬莱,5
故事新编,金鼎,5
故事新编,松树,5
故事新编,叶子,5
故事新编,黄熊,5
故事新编,归马,5
故事新编,于华山,5
故事新编,老三,5
故事新编,言语,4
故事新编,子夏,4
故事新编,管黔敖,4
故事新编,鲁问,4
故事新编,成仿吾,4
故事新编,玄黄,4
故事新编,太上老君,4
故事新编,鹿台,4
故事新编,郭璞注,4
故事新编,青剑,4
故事新编,贝壳,4
故事新编,清香,4
故事新编,禹爷,4
故事新编,顾颉刚,4
故事新编,敬老,4
故事新编,姜太公,4
故事新编,姜汤,4
故事新编,小丙君,4
故事新编,卢弓,3
故事新编,卢矢,3
故事新编,那道士,3
故事新编,老太太,3
故事新编,张开,3
故事新编,光辉,3
故事新编,韦素园,3
故事新编,王吏,3
故事新编,孟轲,3
故事新编,孙诒让,3
故事新编,穆贺,3
故事新编,宿列张,3
故事新编,赵钱孙,3
故事新编,姜沈韩,3
故事新编,胡蝶,3
故事新编,太公,3
故事新编,松柏,3
故事新编,紫藤,3
故事新编,金玉,3
故事新编,汉武帝,3
故事新编,司马,3
故事新编,杉树林,3
故事新编,丹田,3
故事新编,爱兮,3
故事新编,金龙,3
故事新编,青其光,3
故事新编,黄钺,3
故事新编,列士传,3
故事新编,白胡子,3
故事新编,白发,3
故事新编,关令尹,3
故事新编,王之道,3
故事新编,孔氏,3
故事新编,马因,3
故事新编,刘向,3
故事新编,汤汤,3
故事新编,阿禹,3
故事新编,仓颉,3
故事新编,乌龟,3
故事新编,玄圭,3
故事新编,江瀚,3
故事新编,苍颉,3
故事新编,左传,3
故事新编,周文王,3
故事新编,伯夷叔,3
故事新编,采薇,3
故事新编,王土,3
故事新编,温柔敦厚,3
故事新编,鹿奶,3
故事新编,王克商,3
故事新编,太公望,3
故事新编,姜尚,3
故事新编,阳光,2
故事新编,阿阿,2
故事新编,塞进,2
故事新编,赵富,2
故事新编,女庚,2
故事新编,西王母,2
故事新编,乌合,2
故事新编,向培良,2
故事新编,华盖,2
故事新编,纪昌,2
故事新编,玉米粉,2
故事新编,向南走,2
故事新编,陈列,2
故事新编,安静,2
故事新编,曲尺,2
故事新编,宋城,2
故事新编,子墨,2
故事新编,文轩,2
故事新编,宋策,2
故事新编,夏之徒,2
故事新编,滕文公,2
故事新编,惠王,2
故事新编,子之,2
故事新编,周吴郑,2
故事新编,冯秦,2
故事新编,褚卫,2
故事新编,胡闹,2
故事新编,漆园吏,2
故事新编,云彩,2
故事新编,伊才,2
故事新编,白云,2
故事新编,白毛,2
故事新编,康回,2
故事新编,古森林,2
故事新编,祝融,2
故事新编,童男,2
故事新编,弓弩,2
故事新编,黄盖,2
故事新编,王城,2
故事新编,青剑兮,2
故事新编,万夫,2
故事新编,王公,2
故事新编,干将莫邪,2
故事新编,纳凉,2
故事新编,陈迹,2
故事新编,麻木,2
故事新编,白开水,2
故事新编,胡麻,2
故事新编,白布,2
故事新编,尹喜,2
故事新编,木札来,2
故事新编,道德,2
故事新编,道德经,2
故事新编,司马彪,2
故事新编,傅沫,2
故事新编,索隐,2
故事新编,史官,2
故事新编,章太炎,2
故事新编,关尹,2
故事新编,后汉书,2
故事新编,隗嚣,2
故事新编,古貌林,2
故事新编,子孙,2
故事新编,太上皇,2
故事新编,梅花,2
故事新编,劳顿,2
故事新编,呼唤,2
故事新编,归隐,2
故事新编,小姐,2
故事新编,丹朱,2
故事新编,虞舜,2
故事新编,于羽山,2
故事新编,禹贡,2
故事新编,小雅,2
故事新编,于天,2
故事新编,陈西滢,2
故事新编,徐志摩,2
故事新编,于羽渊,2
故事新编,涂山,2
故事新编,王爷,2
故事新编,殷王,2
故事新编,云罕旗,2
故事新编,周王,2
故事新编,白旗,2
故事新编,老先生,2
故事新编,虞夏,2
故事新编,武成,2
故事新编,蒲坂,2
故事新编,王周,2
故事新编,玉集,2
故事新编,柳眉,1
故事新编,弓太强,1
故事新编,和蔼,1
故事新编,高强,1
故事新编,掌太,1
故事新编,金丹,1
故事新编,黛色,1
故事新编,王升备,1
故事新编,胡蜂,1
故事新编,那也好,1
故事新编,子一闪,1
故事新编,那时快,1
故事新编,蒙见羿,1
故事新编,白干,1
故事新编,小玩艺,1
故事新编,青青,1
故事新编,明星,1
故事新编,田塍,1
故事新编,金珠,1
故事新编,祖母,1
故事新编,安然,1
故事新编,和悦,1
故事新编,仰天,1
故事新编,太康时,1
故事新编,贾逵,1
故事新编,刘恒,1
故事新编,修蛇皆,1
故事新编,于桑林,1
故事新编,修蛇,1
故事新编,蒋维乔,1
故事新编,许广平,1
故事新编,须知,1
故事新编,高明,1
故事新编,吴越,1
故事新编,弓矢,1
故事新编,羿传逢,1
故事新编,蒙射羿,1
故事新编,于羿,1
故事新编,纪昌者,1
故事新编,卫密,1
故事新编,卫绕树,1
故事新编,王衍,1
故事新编,裴楷,1
故事新编,若岩,1
故事新编,高刚,1
故事新编,瓦瓶,1
故事新编,粟米,1
故事新编,小聪明,1
故事新编,黎明,1
故事新编,玄虚,1
故事新编,过连弩,1
故事新编,鹿皮,1
故事新编,黄脸,1
故事新编,东向南,1
故事新编,鲁国公,1
故事新编,关了门,1
故事新编,宋有,1
故事新编,宿一宵,1
故事新编,白送,1
故事新编,和木鹊,1
故事新编,春秋战国,1
故事新编,何命焉,1
故事新编,闻子,1
故事新编,鹿满,1
故事新编,盘九设,1
故事新编,子九,1
故事新编,宋莫,1
故事新编,宋矣,1
故事新编,吕氏春,1
故事新编,慎大览,1
故事新编,子九下,1
故事新编,于子,1
故事新编,计爱,1
故事新编,杨氏,1
故事新编,杨朱,1
故事新编,墨氏,1
故事新编,闻之,1
故事新编,楚欲攻,1
故事新编,裂裳裹足,1
故事新编,连弩,1
故事新编,楚辞,1
故事新编,冯夷,1
故事新编,宋玉,1
故事新编,翟献书,1
故事新编,余知古,1
故事新编,楚攻宋,1
故事新编,楚献惠,1
故事新编,贺见子,1
故事新编,子之言,1
故事新编,翟得见子,1
故事新编,子弗,1
故事新编,游楚,1
故事新编,楚之兵,1
故事新编,越之兵,1
故事新编,子善,1
故事新编,子之义,1
故事新编,于子舟,1
故事新编,弗钩,1
故事新编,子强,1
故事新编,木鹊,1
故事新编,石之重,1
故事新编,汪静,1
故事新编,博考,1
故事新编,罗特,1
故事新编,汪静之,1
故事新编,爱情诗,1
故事新编,胡文,1
故事新编,郭沫若,1
故事新编,孔乙己,1
故事新编,曹靖华,1
故事新编,李霁野,1
故事新编,韦丛,1
故事新编,浮萍,1
故事新编,姓甚名谁,1
故事新编,杨家庄,1
故事新编,杨小三,1
故事新编,谢礼,1
故事新编,王瓜,1
故事新编,严正,1
故事新编,闾里,1
故事新编,王乐,1
故事新编,秦理斋,1
故事新编,陈褚卫,1
故事新编,蒋沈韩,1
故事新编,如律令,1
故事新编,常用语,1
故事新编,颜渊,1
故事新编,周之梦,1
故事新编,周立九府,1
故事新编,孔孟,1
故事新编,庄生,1
故事新编,童谣,1
故事新编,伊揉,1
故事新编,波涛,1
故事新编,伊一挥,1
故事新编,沙石,1
故事新编,伊向后,1
故事新编,毛毛,1
故事新编,白杨,1
故事新编,寻青,1
故事新编,白石,1
故事新编,伊向,1
故事新编,红光,1
故事新编,青碧,1
故事新编,伊吐,1
故事新编,胡胡,1
故事新编,应劭,1
故事新编,拉丁字母,1
故事新编,阿空,1
故事新编,阿公,1
故事新编,归焉,1
故事新编,神农氏,1
故事新编,山焉,1
故事新编,苍天,1
故事新编,黑龙,1
故事新编,任智,1
故事新编,刑以强,1
故事新编,石以补,1
故事新编,广之野,1
故事新编,居之,1
故事新编,封禅,1
故事新编,安期生,1
故事新编,但献剑,1
故事新编,和后苑,1
故事新编,毛发,1
故事新编,那纯青,1
故事新编,衣剑,1
故事新编,叶尖,1
故事新编,晓色,1
故事新编,涂抹,1
故事新编,向前走,1
故事新编,王宫,1
故事新编,马拉,1
故事新编,黑须,1
故事新编,荣耀,1
故事新编,桑树,1
故事新编,和青剑,1
故事新编,连翩,1
故事新编,龙眉,1
故事新编,须眉,1
故事新编,满清水,1
故事新编,秀眉,1
故事新编,王一见,1
故事新编,牛鼎,1
故事新编,王刚,1
故事新编,小山,1
故事新编,满庭,1
故事新编,王殿,1
故事新编,王泽流,1
故事新编,赫兮强,1
故事新编,王头刚,1
故事新编,连鼎,1
故事新编,王忍,1
故事新编,向鼎,1
故事新编,都和王,1
故事新编,金棺里,1
故事新编,天一亮,1
故事新编,戈戟,1
故事新编,金棺,1
故事新编,曹丕,1
故事新编,山之阳,1
故事新编,尔生,1
故事新编,王往观,1
故事新编,干宝,1
故事新编,广尺,1
故事新编,闻王,1
故事新编,赵晔,1
故事新编,王铸剑,1
故事新编,陈元龙,1
故事新编,王夫人,1
故事新编,王命,1
故事新编,莫邪,1
故事新编,李时珍,1
故事新编,汪颖,1
故事新编,言辞,1
故事新编,田善,1
故事新编,裴启,1
故事新编,王秀,1
故事新编,诸豪相,1
故事新编,向庚桑,1
故事新编,张开嘴,1
故事新编,含胡,1
故事新编,牛屁,1
故事新编,玄之又玄,1
故事新编,太久,1
故事新编,弗白,1
故事新编,黄尘,1
故事新编,连水,1
故事新编,多得很,1
故事新编,海燕,1
故事新编,介亭,1
故事新编,仁里人,1
故事新编,李氏,1
故事新编,周守藏,1
故事新编,子将隐,1
故事新编,莫知其,1
故事新编,田子方,1
故事新编,老聃新,1
故事新编,有庚桑,1
故事新编,居畏垒,1
故事新编,幸矣,1
故事新编,世之君,1
故事新编,今子之,1
故事新编,丘得,1
故事新编,丘得之,1
故事新编,史乃周,1
故事新编,敬礼,1
故事新编,子适卫,1
故事新编,朱熹,1
故事新编,士大夫,1
故事新编,王引之,1
故事新编,老聃西,1
故事新编,章著,1
故事新编,诸子,1
故事新编,孔学本,1
故事新编,蒙杀羿,1
故事新编,三盈三虚,1
故事新编,列仙传,1
故事新编,和庚桑,1
故事新编,敬慎,1
故事新编,张其口,1
故事新编,灵宝县,1
故事新编,东自,1
故事新编,西至潼,1
故事新编,谷中,1
故事新编,古之,1
故事新编,吕氏春秋,1
故事新编,老耽,1
故事新编,封缄,1
故事新编,木简,1
故事新编,王元,1
故事新编,古鲁几,1
故事新编,于禹,1
故事新编,鲜水苔,1
故事新编,皮劳,1
故事新编,阿狗阿猫,1
故事新编,乌青,1
故事新编,帕米尔,1
故事新编,白云飞,1
故事新编,公呈,1
故事新编,毋宁死,1
故事新编,公移益,1
故事新编,艾叶,1
故事新编,公呈来,1
故事新编,以志荣,1
故事新编,福禄寿,1
故事新编,车水马龙,1
故事新编,柏叶,1
故事新编,屈膝,1
故事新编,栗子,1
故事新编,小白脸,1
故事新编,华丝葛,1
故事新编,富翁,1
故事新编,金耳环,1
故事新编,拉向,1
故事新编,阴半晴,1
故事新编,和益,1
故事新编,阿启,1
故事新编,和舜爷,1
故事新编,凤凰,1
故事新编,孔安国,1
故事新编,丘陵,1
故事新编,虞氏,1
故事新编,禹治水,1
故事新编,帝尧,1
故事新编,帝尧乃,1
故事新编,山后,1
故事新编,帝舜,1
故事新编,成美尧,1
故事新编,伯禹,1
故事新编,刘复,1
故事新编,徐炳昶,1
故事新编,马衡,1
故事新编,潘光旦,1
故事新编,潘曾,1
故事新编,明清两代,1
故事新编,嘉兴,1
故事新编,吴歌甲,1
故事新编,阴有阳,1
故事新编,杜有图,1
故事新编,禹谟,1
故事新编,段玉裁,1
故事新编,郭璞,1
故事新编,汝作士,1
故事新编,尔时仆,1
故事新编,秦汉,1
故事新编,维生素,1
故事新编,周劭,1
故事新编,游杭,1
故事新编,斯基,1
故事新编,吴佩孚,1
故事新编,云云,1
故事新编,若虎之,1
故事新编,仰则,1
故事新编,王莽,1
故事新编,禹生,1
故事新编,如叔隗,1
故事新编,季隗,1
故事新编,夏后氏,1
故事新编,夏禹,1
故事新编,苗裔,1
故事新编,仲夏夜,1
故事新编,罗密欧,1
故事新编,朱丽,1
故事新编,汉姆,1
故事新编,雷德,1
故事新编,杜衡,1
故事新编,洪范,1
故事新编,伯禹念,1
故事新编,于羽郊,1
故事新编,王弼注,1
故事新编,能承先,1
故事新编,时髦,1
故事新编,陆德明,1
故事新编,释文,1
故事新编,马国翰,1
故事新编,玉函山,1
故事新编,房辑佚,1
故事新编,支祁,1
故事新编,李公佐,1
故事新编,古岳,1
故事新编,禹理水,1
故事新编,天老肃,1
故事新编,禹怒,1
故事新编,金巢,1
故事新编,禹锡玄圭,1
故事新编,帝锡禹,1
故事新编,钱塘江,1
故事新编,禹同舜,1
故事新编,帝舜谓,1
故事新编,昌言,1
故事新编,何言,1
故事新编,何谓,1
故事新编,益予众,1
故事新编,帝慎乃,1
故事新编,安尔止,1
故事新编,毋若丹,1
故事新编,朱傲,1
故事新编,辛壬癸甲,1
故事新编,生启,1
故事新编,苗顽,1
故事新编,帝其念,1
故事新编,敬禹,1
故事新编,韶九,1
故事新编,凤皇来,1
故事新编,秋凉,1
故事新编,王无道,1
故事新编,水冷,1
故事新编,文武,1
故事新编,连周王,1
故事新编,牛尾巴,1
故事新编,但叔齐,1
故事新编,向伯夷,1
故事新编,苏醒,1
故事新编,老姜,1
故事新编,过伯夷,1
故事新编,周师,1
故事新编,巨桥,1
故事新编,白米,1
故事新编,谈天,1
故事新编,小老婆,1
故事新编,小白旗,1
故事新编,子高,1
故事新编,觉得很有,1
故事新编,高升,1
故事新编,苍翠,1
故事新编,林子里,1
故事新编,文明,1
故事新编,大树林,1
故事新编,金黄,1
故事新编,红红,1
故事新编,西沉,1
故事新编,和伯夷,1
故事新编,石洞,1
故事新编,伯夷逊,1
故事新编,古董,1
故事新编,石洞里,1
故事新编,老天爷,1
故事新编,立叔齐,1
故事新编,齐亦,1
故事新编,西伯昌,1
故事新编,西伯卒,1
故事新编,东伐,1
故事新编,干戈,1
故事新编,仁乎,1
故事新编,宗周,1
故事新编,采其薇,1
故事新编,子比干,1
故事新编,周礼,1
故事新编,郑玄注,1
故事新编,泰誓,1
故事新编,姬昌,1
故事新编,慈少,1
故事新编,王率师,1
故事新编,宋裴,1
故事新编,蔡邕,1
故事新编,薛综,1
故事新编,云罕,1
故事新编,周武王,1
故事新编,王之子,1
故事新编,周公旦,1
故事新编,于盟津,1
故事新编,言奉,1
故事新编,殷有,1
故事新编,大悦,1
故事新编,周以兴,1
故事新编,武王灭,1
故事新编,封于齐,1
故事新编,周尺,1
故事新编,周师渡,1
故事新编,师毕,1
故事新编,王朝,1
故事新编,于牧野,1
故事新编,师尚父,1
故事新编,钱帛,1
故事新编,汤阴,1
故事新编,曲周,1
故事新编,古衡章,1
故事新编,水东岸,1
故事新编,和武王,1
故事新编,毕拜武,1
故事新编,武王乃,1
故事新编,武王亦,1
故事新编,玄钺,1
故事新编,白之旗,1
故事新编,爱妲己,1
故事新编,王三聘,1
故事新编,商妲己,1
故事新编,伯夷列,1
故事新编,若伯夷,1
故事新编,武修文,1
故事新编,弗服,1
故事新编,木寿,1
故事新编,殷之,1
故事新编,章宗源,1
故事新编,孙星衍,1
故事新编,于首阳,1
故事新编,糜子,1
故事新编,周木,1
故事新编,白鹿乳,1
故事新编,鹿知其,1
故事新编,古逸,1
呐喊,孔乙己,35
呐喊,单四,32
呐喊,尼姑,23
呐喊,王胡,18
呐喊,宝儿,15
呐喊,邹七嫂,15
呐喊,爱罗先,14
呐喊,陈士成,13
呐喊,双喜,12
呐喊,咸亨,11
呐喊,阿五,11
呐喊,王九妈,10
呐喊,吴妈,10
呐喊,鲁迅,9
呐喊,方玄绰,9
呐喊,胡子,9
呐喊,明白,9
呐喊,老旦,9
呐喊,鲁镇,8
呐喊,花白,8
呐喊,赵庄,8
呐喊,司晨,8
呐喊,白光,7
呐喊,黑狗,7
呐喊,仲密,6
呐喊,冷笑,6
呐喊,索薪,6
呐喊,贝壳,6
呐喊,和尚,6
呐喊,赵府,6
呐喊,白甲,6
呐喊,祖母,5
呐喊,小东西,5
呐喊,金圣叹,5
呐喊,张开,5
呐喊,别传,5
呐喊,钱玄同,4
呐喊,邹容,4
呐喊,子孙,4
呐喊,孟子,4
呐喊,何小仙,4
呐喊,斯干,4
呐喊,阿发,4
呐喊,罗汉豆,4
呐喊,赵贵翁,4
呐喊,易牙,4
呐喊,左传,4
呐喊,静修庵,4
呐喊,布衫,4
呐喊,宣德,4
呐喊,孔丘,4
呐喊,阿义,4
呐喊,敬畏,3
呐喊,关了门,3
呐喊,阎王,3
呐喊,小狗,3
呐喊,白兔,3
呐喊,桑树,3
呐喊,太公,3
呐喊,大老爷,3
呐喊,张大帅,3
呐喊,柏林,3
呐喊,李时珍,3
呐喊,秋瑾,3
呐喊,博徒,3
呐喊,阿桂,3
呐喊,陈独秀,3
呐喊,籍贯,3
呐喊,龙虎斗,3
呐喊,咸与维新,3
呐喊,刘海,3
呐喊,华盖,3
呐喊,若敖氏,3
呐喊,丁字街,3
呐喊,春和秋,2
呐喊,安静,2
呐喊,童话集,2
呐喊,孔子,2
呐喊,麻木,2
呐喊,麻醉,2
呐喊,金心异,2
呐喊,单四嫂,2
呐喊,后汉书,2
呐喊,宝贝,2
呐喊,屠城,2
呐喊,洪杨,2
呐喊,奥妙,2
呐喊,阿尔志跋,2
呐喊,清王朝,2
呐喊,祖宗,2
呐喊,索索,2
呐喊,黎明,2
呐喊,伊便,2
呐喊,言语,2
呐喊,范源濂,2
呐喊,胡适,2
呐喊,胡叉,2
呐喊,和宏儿,2
呐喊,老太太,2
呐喊,谈天,2
呐喊,向前走,2
呐喊,顾客,2
呐喊,童生,2
呐喊,子罕,2
呐喊,子贡曰,2
呐喊,从鲁镇,2
呐喊,白铜,2
呐喊,胡涂,2
呐喊,张翼德,2
呐喊,阿五便,2
呐喊,许可,2
呐喊,太静,2
呐喊,子曰诗云,2
呐喊,龚云甫,2
呐喊,原谅,2
呐喊,白布,2
呐喊,陈年,2
呐喊,宛然,2
呐喊,含胡,2
呐喊,封建礼教,2
呐喊,宣公,2
呐喊,徐锡麟,2
呐喊,恩铭,2
呐喊,小传,2
呐喊,阿贵,2
呐喊,胡适之,2
呐喊,安知非福,2
呐喊,若敖之鬼,2
呐喊,董卓,2
呐喊,钱府,2
呐喊,乌龟,2
呐喊,斯亦,2
呐喊,元宝,2
呐喊,洪哥,2
呐喊,蔡元培,2
呐喊,诸子,2
呐喊,罗马字母,2
呐喊,福乎,2
呐喊,子文,2
呐喊,赵匡胤,2
呐喊,红白,2
呐喊,轩亭,2
呐喊,和暖,1
呐喊,仲密君,1
呐喊,那池,1
呐喊,养蜂,1
呐喊,养牛,1
呐喊,仲密家,1
呐喊,黄毛,1
呐喊,盘桓,1
呐喊,夏雨,1
呐喊,闻其香,1
呐喊,芦根,1
呐喊,体操,1
呐喊,花环,1
呐喊,安于心,1
呐喊,陆师,1
呐喊,藤野,1
呐喊,宣武门,1
呐喊,金石,1
呐喊,谢承,1
呐喊,嵇康集,1
呐喊,林纾,1
呐喊,荆生,1
呐喊,寿终,1
呐喊,全留,1
呐喊,马来语,1
呐喊,子里,1
呐喊,师范,1
呐喊,皮鞭,1
呐喊,孙中山,1
呐喊,红黄蓝,1
呐喊,白黑,1
呐喊,吕刑,1
呐喊,清顺治,1
呐喊,王秀,1
呐喊,楚著,1
呐喊,朱子,1
呐喊,屠城记,1
呐喊,清世祖,1
呐喊,洪秀全,1
呐喊,杨秀清,1
呐喊,桂平,1
呐喊,章太炎,1
呐喊,陆军,1
呐喊,姚甲,1
呐喊,容偕五,1
呐喊,惠略夫,1
呐喊,士成,1
呐喊,张榜,1
呐喊,纳凉,1
呐喊,陈氏,1
呐喊,祖基,1
呐喊,有福气,1
呐喊,唐家,1
呐喊,阴森,1
呐喊,白净,1
呐喊,黄澄澄,1
呐喊,马掌,1
呐喊,栗然,1
呐喊,安中,1
呐喊,向天,1
呐喊,高峰,1
呐喊,时髦,1
呐喊,廉吏清,1
呐喊,索俸,1
呐喊,蔼然可亲,1
呐喊,左索右,1
呐喊,唐突,1
呐喊,顾忌,1
呐喊,钟才,1
呐喊,寻金,1
呐喊,哈德门,1
呐喊,伊终,1
呐喊,公孙丑,1
呐喊,习相远,1
呐喊,范静生,1
呐喊,徐世昌,1
呐喊,马鸣,1
呐喊,白话诗,1
呐喊,冷风吹,1
呐喊,萧索,1
呐喊,言辞,1
呐喊,易主,1
呐喊,金黄,1
呐喊,弓京,1
呐喊,希奇,1
呐喊,苏生,1
呐喊,招宏儿,1
呐喊,杨二,1
呐喊,阿呀阿,1
呐喊,松树,1
呐喊,连珠,1
呐喊,木偶人,1
呐喊,老屋里,1
呐喊,内盛,1
呐喊,舒新城,1
呐喊,祖先,1
呐喊,乔治,1
呐喊,秋风,1
呐喊,士尔,1
呐喊,通非通,1
呐喊,卫灵公,1
呐喊,由学政,1
呐喊,伏辩,1
呐喊,天真烂熳,1
呐喊,桑子,1
呐喊,伊有,1
呐喊,小白兔,1
呐喊,伊为,1
呐喊,连听,1
呐喊,胡闹,1
呐喊,金古良,1
呐喊,小桌子,1
呐喊,飞也似,1
呐喊,诗兴,1
呐喊,孙女儿,1
呐喊,高寿,1
呐喊,曾祖,1
呐喊,雷公,1
呐喊,太迟,1
呐喊,宝蓝色,1
呐喊,黄忠,1
呐喊,汉升,1
呐喊,马超,1
呐喊,孟起,1
呐喊,赵子龙,1
呐喊,阿四病,1
呐喊,王爷,1
呐喊,巴掌,1
呐喊,赵七,1
呐喊,木桥,1
呐喊,孙媳,1
呐喊,元末明,1
呐喊,罗贯中,1
呐喊,毛宗岗,1
呐喊,张勋,1
呐喊,清废帝,1
呐喊,溥仪,1
呐喊,李霁,1
呐喊,何小,1
呐喊,贾家,1
呐喊,张得,1
呐喊,太阳光,1
呐喊,相生相克,1
呐喊,智慧,1
呐喊,伊从,1
呐喊,伊伏,1
呐喊,费尽,1
呐喊,花旦,1
呐喊,康建,1
呐喊,老老少少,1
呐喊,黄牛,1
呐喊,麦田,1
呐喊,清香,1
呐喊,麦蕴藻,1
呐喊,石羊,1
呐喊,那铁头,1
呐喊,老虎,1
呐喊,托桂生,1
呐喊,小丑,1
呐喊,马鞭,1
呐喊,哈欠,1
呐喊,红霞,1
呐喊,桂生,1
呐喊,阿阿,1
呐喊,任凭,1
呐喊,谭鑫培,1
呐喊,释迦牟尼,1
呐喊,小雅,1
呐喊,郑玄注,1
呐喊,劳君,1
呐喊,赵贵,1
呐喊,铁青,1
呐喊,白厉厉,1
呐喊,仁义道德,1
呐喊,何先生,1
呐喊,布满,1
呐喊,师生,1
呐喊,宋将华,1
呐喊,楚将子,1
呐喊,宋国都,1
呐喊,楚军,1
呐喊,齐庄公,1
呐喊,齐国人,1
呐喊,齐桓公,1
呐喊,绍兴人,1
呐喊,宋史,1
呐喊,须传,1
呐喊,同宗,1
呐喊,阿富,1
呐喊,博雅,1
呐喊,查阿,1
呐喊,但茂才,1
呐喊,连阿,1
呐喊,蒙赵,1
呐喊,阿八,1
呐喊,李四,1
呐喊,张三,1
呐喊,孔庙,1
呐喊,武勇,1
呐喊,祖传,1
呐喊,圣经贤传,1
呐喊,史无明,1
呐喊,明师,1
呐喊,云云,1
呐喊,小姐,1
呐喊,钱家,1
呐喊,夏意,1
呐喊,高采烈,1
呐喊,古人云,1
呐喊,钱赵,1
呐喊,蓝绸裙,1
呐喊,赵太,1
呐喊,老鹰,1
呐喊,管祠,1
呐喊,饶命,1
呐喊,张宁,1
呐喊,和栗,1
呐喊,但未庄,1
呐喊,秋行夏令,1
呐喊,黄伞,1
呐喊,初隽,1
呐喊,高明,1
呐喊,胡里胡涂,1
呐喊,孙子,1
呐喊,孙豹,1
呐喊,立德,1
呐喊,立功,1
呐喊,乾隆,1
呐喊,纪传体,1
呐喊,狄更斯,1
呐喊,劳特奈,1
呐喊,柯南,1
呐喊,韦素园,1
呐喊,白话文,1
呐喊,弗为,1
呐喊,冯武,1
呐喊,吕氏春秋,1
呐喊,仲春,1
呐喊,光武帝,1
呐喊,刘秀,1
呐喊,茂才公,1
呐喊,曾居,1
呐喊,彭城,1
呐喊,马无,1
呐喊,胡中,1
呐喊,马良,1
呐喊,丁壮者,1
呐喊,赵岐注,1
呐喊,于礼,1
呐喊,禄仕,1
呐喊,尹子良,1
呐喊,子良,1
呐喊,维艰,1
呐喊,周幽王,1
呐喊,商因妲,1
呐喊,周因褒,1
呐喊,吕布,1
呐喊,子居内,1
呐喊,言胥,1
呐喊,介亭,1
呐喊,宋太祖,1
呐喊,呼延,1
呐喊,郑子明,1
呐喊,吴书,1
呐喊,吕蒙,1
呐喊,裴松之,1
呐喊,季氏,1
呐喊,过庭之训,1
呐喊,杭州府,1
呐喊,明思宗,1
呐喊,朱由,1
呐喊,宁式,1
呐喊,明宣宗,1
呐喊,黄伞格,1
呐喊,修国史,1
呐喊,黎元洪,1
呐喊,鄂军,1
呐喊,伏羲氏,1
呐喊,帝王,1
呐喊,盛世,1
呐喊,乌蓝,1
呐喊,华老栓,1
呐喊,老东西,1
呐喊,阳文,1
呐喊,红红,1
呐喊,小栓依,1
呐喊,玄色布,1
呐喊,敬敬,1
呐喊,夏家,1
呐喊,小家伙,1
呐喊,老虎头,1
呐喊,祝寿,1
呐喊,杨柳,1
呐喊,铁铸,1
呐喊,夏瑜隐,1
呐喊,古轩,1
三闲集,鲁迅,135
三闲集,成仿吾,34
三闲集,明白,21
三闲集,李初梨,14
三闲集,冯乃超,10
三闲集,孔子,10
三闲集,孙伏园,9
三闲集,徐志摩,9
三闲集,孔丘,9
三闲集,郁达夫,8
三闲集,叶灵凤,8
三闲集,权威,8
三闲集,卢骚,8
三闲集,邹容,8
三闲集,钟楼,8
三闲集,洪水,7
三闲集,陈源,7
三闲集,诸君,7
三闲集,孙中山,7
三闲集,成吉思汗,7
三闲集,游侠,7
三闲集,华盖,6
三闲集,宣言,6
三闲集,辛克莱,6
三闲集,孟子,6
三闲集,美的,6
三闲集,陶然,6
三闲集,古文,6
三闲集,郭亮,6
三闲集,林琴南,6
三闲集,潘汉年,5
三闲集,陈西滢,5
三闲集,顾颉刚,5
三闲集,蒋介石,5
三闲集,格罗斯,5
三闲集,左翼,5
三闲集,卢梭,5
三闲集,卢布,5
三闲集,梁实秋,5
三闲集,郭沫若,5
三闲集,卢那,5
三闲集,列宁,5
三闲集,白话文,5
三闲集,泰戈尔,5
三闲集,乌托邦,5
三闲集,道德,5
三闲集,袁绍,5
三闲集,曹操,5
三闲集,林氏,5
三闲集,奥伏赫,4
三闲集,戈壁,4
三闲集,和尚,4
三闲集,绍兴人,4
三闲集,小峰,4
三闲集,段祺瑞,4
三闲集,冯玉祥,4
三闲集,西滢,4
三闲集,钱玄同,4
三闲集,宝贝,4
三闲集,蒲力汗,4
三闲集,后汉书,4
三闲集,袁世凯,4
三闲集,徐匀,4
三闲集,王独清,4
三闲集,苏秦,4
三闲集,章太炎,4
三闲集,谢玉生,4
三闲集,释迦牟尼,4
三闲集,文明,4
三闲集,春秋左氏,4
三闲集,胡适之,4
三闲集,马克斯,4
三闲集,纪氏,4
三闲集,杜威,4
三闲集,曼殊斐儿,4
三闲集,余裕,4
三闲集,莫斯科,4
三闲集,柏生,4
三闲集,祝圣,4
三闲集,权贵,4
三闲集,喝咖啡,3
三闲集,燕生,3
三闲集,张孟闻,3
三闲集,大元帅,3
三闲集,简又文,3
三闲集,妙伦,3
三闲集,耶稣,3
三闲集,许广平,3
三闲集,爱罗先,3
三闲集,颜如玉,3
三闲集,张竞生,3
三闲集,李小峰,3
三闲集,高超,3
三闲集,高明,3
三闲集,叶永蓁,3
三闲集,景宋,3
三闲集,梁遇春,3
三闲集,原谅,3
三闲集,关云长,3
三闲集,吉诃德,3
三闲集,丁丁,3
三闲集,易卜生,3
三闲集,黄巢,3
三闲集,闻声,3
三闲集,马克思,3
三闲集,马前卒,3
三闲集,方正,3
三闲集,小乘,3
三闲集,毕磊,3
三闲集,纪晓岚,3
三闲集,林黛玉,3
三闲集,苏轼,3
三闲集,罗马字母,3
三闲集,契诃夫,3
三闲集,汉官威仪,3
三闲集,言语,3
三闲集,杨桃,3
三闲集,拉狄克,3
三闲集,今译,3
三闲集,孔教,3
三闲集,杨墨,3
三闲集,孔圣会,3
三闲集,子见南子,3
三闲集,大侠,3
三闲集,宋江,3
三闲集,孟超,2
三闲集,冰淇淋,2
三闲集,宜兴人,2
三闲集,老先生,2
三闲集,关公,2
三闲集,道贺,2
三闲集,常燕生,2
三闲集,伏园,2
三闲集,张贴,2
三闲集,余波,2
三闲集,耿耿,2
三闲集,刘半农,2
三闲集,林则徐,2
三闲集,秋野,2
三闲集,西屏,2
三闲集,涵庐,2
三闲集,许钦文,2
三闲集,张作霖,2
三闲集,江阴人,2
三闲集,西北军,2
三闲集,林房雄,2
三闲集,乔治,2
三闲集,玛察,2
三闲集,廖君,2
三闲集,敬畏,2
三闲集,老调子,2
三闲集,周纳,2
三闲集,蒋光慈,2
三闲集,胡适,2
三闲集,吉祥,2
三闲集,杜荃,2
三闲集,有恒,2
三闲集,蒋光,2
三闲集,祝辞,2
三闲集,麻木,2
三闲集,泰奴,2
三闲集,陈旧,2
三闲集,乌云密布,2
三闲集,史实,2
三闲集,刘世芳,2
三闲集,英勇,2
三闲集,黑格尔,2
三闲集,维尼,2
三闲集,潘平,2
三闲集,汝信,2
三闲集,阮元,2
三闲集,张陵,2
三闲集,诸公,2
三闲集,邹容著,2
三闲集,章炳麟,2
三闲集,谢先生,2
三闲集,谢君,2
三闲集,通儒,2
三闲集,谢谢,2
三闲集,茅泮林,2
三闲集,蒲留仙,2
三闲集,何焯,2
三闲集,李慈铭,2
三闲集,苏方,2
三闲集,郑燮,2
三闲集,藉此,2
三闲集,古董,2
三闲集,柳宗元,2
三闲集,金泽,2
三闲集,冈千仞,2
三闲集,陈余,2
三闲集,多纪氏,2
三闲集,仲景氏,2
三闲集,梦香,2
三闲集,冈氏,2
三闲集,李秉中,2
三闲集,罗喀绥,2
三闲集,暴风雨,2
三闲集,老聃,2
三闲集,和西滢,2
三闲集,特庚,2
三闲集,敬文,2
三闲集,余杭,2
三闲集,卫灵公,2
三闲集,安静,2
三闲集,袁术,2
三闲集,爱弥儿,2
三闲集,元末明,2
三闲集,袁尚,2
三闲集,公孙康,2
三闲集,孤儿,2
三闲集,萧君,2
三闲集,霍善,2
三闲集,斯坦因,2
三闲集,田吉思,2
三闲集,耶烈赞,2
三闲集,荣誉,2
三闲集,文宣王,2
三闲集,齐田恒,2
三闲集,乾刚,2
三闲集,鲁定公,2
三闲集,滕文公,2
三闲集,黎明,2
三闲集,司马迁,2
三闲集,李逵,2
三闲集,招安,2
三闲集,龚冰庐,1
三闲集,高耸,1
三闲集,惠顾,1
三闲集,慎之,1
三闲集,冷笑,1
三闲集,游杭,1
三闲集,天晓得,1
三闲集,孔伯尼,1
三闲集,友云,1
三闲集,于斯,1
三闲集,益臻,1
三闲集,施威,1
三闲集,忠臣孝子,1
三闲集,何忧,1
三闲集,何容,1
三闲集,仁义,1
三闲集,安民,1
三闲集,易止德,1
三闲集,荣耶,1
三闲集,安然,1
三闲集,曾几何时,1
三闲集,荣枯,1
三闲集,沈士远,1
三闲集,师生,1
三闲集,阿呀,1
三闲集,连伏园,1
三闲集,安逸,1
三闲集,顾问,1
三闲集,荣名,1
三闲集,古玄同,1
三闲集,鲁宾孙,1
三闲集,托辞,1
三闲集,花柳,1
三闲集,过小峰,1
三闲集,向小峰,1
三闲集,吴虞底,1
三闲集,宁波人,1
三闲集,刘勉己,1
三闲集,波纳尔,1
三闲集,黛依丝,1
三闲集,史纲,1
三闲集,萧伯纳,1
三闲集,章廷谦,1
三闲集,王鲁彦,1
三闲集,古玄,1
三闲集,陆海军,1
三闲集,白薇,1
三闲集,冯珧,1
三闲集,明正,1
三闲集,洛卿,1
三闲集,冯氏,1
三闲集,白白,1
三闲集,乔木,1
三闲集,果戈理,1
三闲集,连贯,1
三闲集,晓星阁,1
三闲集,奥国人,1
三闲集,格子布,1
三闲集,德国人,1
三闲集,许霞,1
三闲集,纳粹党,1
三闲集,冯雪峰,1
三闲集,傅斯年,1
三闲集,罗家伦,1
三闲集,杨振声,1
三闲集,盛行于,1
三闲集,宋真宗,1
三闲集,赵恒,1
三闲集,张若谷,1
三闲集,饶平,1
三闲集,东翻西,1
三闲集,顾忌,1
三闲集,萧立,1
三闲集,洪绍统,1
三闲集,郭子雄,1
三闲集,郭博,1
三闲集,彭康,1
三闲集,罗隆基,1
三闲集,章士钊,1
三闲集,涂抹,1
三闲集,廖立,1
三闲集,李何林,1
三闲集,金钢钻,1
三闲集,左联,1
三闲集,宣传费,1
三闲集,路温舒,1
三闲集,克兴,1
三闲集,大老爷,1
三闲集,惠略夫,1
三闲集,阿尔志跋,1
三闲集,童话集,1
三闲集,小约翰,1
三闲集,谷虹儿,1
三闲集,唐刘恂,1
三闲集,嵇康集,1
三闲集,谢承,1
三闲集,乌合,1
三闲集,向培良,1
三闲集,褚沙克,1
三闲集,任国桢,1
三闲集,裴多菲,1
三闲集,孙用译,1
三闲集,夏娃,1
三闲集,马克,1
三闲集,李兰译,1
三闲集,韦丛,1
三闲集,安特,1
三闲集,李霁野,1
三闲集,梅川译,1
三闲集,许霞译,1
三闲集,周建人,1
三闲集,浮士德,1
三闲集,士敏土,1
三闲集,梅斐,1
三闲集,毕斯,1
三闲集,弗论,1
三闲集,言太夸,1
三闲集,崔立之,1
三闲集,尤青者,1
三闲集,纪元前,1
三闲集,时髦,1
三闲集,戚戚,1
三闲集,却明明,1
三闲集,吴兵,1
三闲集,玉泉山,1
三闲集,福州人,1
三闲集,左传,1
三闲集,郑伯奇,1
三闲集,敬祝,1
三闲集,潘叶,1
三闲集,温泉,1
三闲集,普罗塔,1
三闲集,支那,1
三闲集,曾名蒋,1
三闲集,光赤,1
三闲集,田野,1
三闲集,藤枝,1
三闲集,立体派,1
三闲集,胡子,1
三闲集,胡涂,1
三闲集,但丁,1
三闲集,沙士比,1
三闲集,戈理基,1
三闲集,皇太后,1
三闲集,顾客,1
三闲集,花皆,1
三闲集,冬芬,1
三闲集,董秋芳,1
三闲集,纪纲,1
三闲集,曹州,1
三闲集,齐政权,1
三闲集,唐书,1
三闲集,列宁全集,1
三闲集,敬礼,1
三闲集,明言,1
三闲集,宁帮,1
三闲集,祝贺,1
三闲集,成其为,1
三闲集,续钞,1
三闲集,安娜,1
三闲集,卡列尼,1
三闲集,列甫,1
三闲集,北伐军,1
三闲集,杨子江,1
三闲集,沈明臣,1
三闲集,凯歌,1
三闲集,简章,1
三闲集,甘人君,1
三闲集,张定璜,1
三闲集,恩格斯,1
三闲集,魏六国,1
三闲集,穆木天,1
三闲集,伊里奇,1
三闲集,关帝庙,1
三闲集,崔述,1
三闲集,阮氏,1
三闲集,廓大,1
三闲集,古如陈,1
三闲集,白旗,1
三闲集,云云,1
三闲集,紫洞,1
三闲集,禄步笋,1
三闲集,周知,1
三闲集,黄卓生,1
三闲集,陈社恩,1
三闲集,黄心,1
三闲集,黄作梁,1
三闲集,吕纯阳,1
三闲集,查明,1
三闲集,上玉皇,1
三闲集,但汝,1
三闲集,白虎,1
三闲集,若想,1
三闲集,代汝,1
三闲集,方得,1
三闲集,福无子,1
三闲集,妙嫦,1
三闲集,妙嫦曰,1
三闲集,汝之,1
三闲集,妙玲,1
三闲集,亚妙,1
三闲集,龙勃罗,1
三闲集,阮福为,1
三闲集,唐人,1
三闲集,宋明之,1
三闲集,明其体,1
三闲集,阮福,1
三闲集,陈涉,1
三闲集,陈胜,1
三闲集,秦二世,1
三闲集,吴广,1
三闲集,丹书帛,1
三闲集,陈胜王,1
三闲集,刘焉,1
三闲集,张天师,1
三闲集,历亲芳,1
三闲集,满清,1
三闲集,后烈,1
三闲集,如颉刚,1
三闲集,杭盖,1
三闲集,尔时仆,1
三闲集,綦昂,1
三闲集,吴县人,1
三闲集,但迅师,1
三闲集,顾来迅,1
三闲集,顾又,1
三闲集,林语堂,1
三闲集,林文庆,1
三闲集,张星,1
三闲集,博雅,1
三闲集,熊仲卿,1
三闲集,文蔚,1
三闲集,熊寓,1
三闲集,若夫,1
三闲集,余希成,1
三闲集,张近芬,1
三闲集,刘向,1
三闲集,王歆,1
三闲集,王韶,1
三闲集,周景式,1
三闲集,宋躬,1
三闲集,乐清,1
三闲集,尼泊尔,1
三闲集,宫阙,1
三闲集,伽蓝,1
三闲集,和柔石,1
三闲集,多得很,1
三闲集,黑絮,1
三闲集,加香,1
三闲集,任凭,1
三闲集,丁卜,1
三闲集,宣传品,1
三闲集,毕磊君,1
三闲集,盛张,1
三闲集,张龙,1
三闲集,赵虎,1
三闲集,胡胡,1
三闲集,何从知,1
三闲集,不免有些,1
三闲集,韦素园,1
三闲集,萧赣,1
三闲集,庄子,1
三闲集,李伟森,1
三闲集,曹雪芹,1
三闲集,晓岚,1
三闲集,盛时彦,1
三闲集,纪昀,1
三闲集,尚肯,1
三闲集,闻之欤,1
三闲集,卫侯梦,1
三闲集,卫侯,1
三闲集,梦中见,1
三闲集,左丘明,1
三闲集,拉丁字母,1
三闲集,小乔木,1
三闲集,祖先,1
三闲集,唐宋时,1
三闲集,连平,1
三闲集,光荣,1
三闲集,孙传芳,1
三闲集,陈仪,1
三闲集,周凤歧,1
三闲集,吴佩孚,1
三闲集,清王朝,1
三闲集,于汉族,1
三闲集,戴名世,1
三闲集,吕留良,1
三闲集,曾静,1
三闲集,胡中藻,1
三闲集,吴兴人,1
三闲集,仲尼,1
三闲集,汉医,1
三闲集,诸家,1
三闲集,梦香竹,1
三闲集,梦香盛,1
三闲集,释义,1
三闲集,张机,1
三闲集,周子叙,1
三闲集,金古良,1
三闲集,乐府诗,1
三闲集,彭山,1
三闲集,陆军,1
三闲集,纪蓝溪,1
三闲集,喻作,1
三闲集,仲景,1
三闲集,陈修堂,1
三闲集,惠爱,1
三闲集,石印,1
三闲集,黄遵宪,1
三闲集,封建王朝,1
三闲集,志纯,1
三闲集,凤君,1
三闲集,能预卜,1
三闲集,戈蒂叶,1
三闲集,小姐,1
三闲集,罗忧,1
三闲集,秋瑾,1
三闲集,徐锡麟,1
三闲集,仇为友,1
三闲集,祖宗,1
三闲集,子孙,1
三闲集,英文书,1
三闲集,英译,1
三闲集,宣传者,1
三闲集,薄罗,1
三闲集,汤姆,1
三闲集,莫尔,1
三闲集,柳亚子,1
三闲集,安福系,1
三闲集,光武帝,1
三闲集,王莽,1
三闲集,尉刘秀,1
三闲集,汉光武帝,1
三闲集,陶元庆,1
三闲集,承蒙,1
三闲集,公正,1
三闲集,墨斯科,1
三闲集,赖地,1
三闲集,籍贯,1
三闲集,大胡子,1
三闲集,公允,1
三闲集,成老,1
三闲集,奥服赫,1
三闲集,常用语,1
三闲集,麻醉,1
三闲集,林译,1
三闲集,周勤豪,1
三闲集,道德经,1
三闲集,通伯,1
三闲集,无锡人,1
三闲集,费尽,1
三闲集,克鲁泡,1
三闲集,荆生,1
三闲集,和暖,1
三闲集,爱而君,1
三闲集,白云路,1
三闲集,陈公,1
三闲集,山海经,1
三闲集,弘通,1
三闲集,通知书,1
三闲集,修正,1
三闲集,小康,1
三闲集,李遇安,1
三闲集,顾孟余,1
三闲集,帕夫,1
三闲集,洛维奇,1
三闲集,凤凰,1
三闲集,王羲之,1
三闲集,兰亭集序,1
三闲集,梁式,1
三闲集,章氏,1
三闲集,叶赛宁,1
三闲集,田园生活,1
三闲集,盖代雄,1
三闲集,怀铅,1
三闲集,拉奥孔,1
三闲集,续闻,1
三闲集,郭系,1
三闲集,郭首,1
三闲集,郭之,1
三闲集,罗贯中,1
三闲集,田丰,1
三闲集,汝二人,1
三闲集,何席,1
三闲集,汉献帝,1
三闲集,董卓欲,1
三闲集,董卓,1
三闲集,刘氏,1
三闲集,董公,1
三闲集,葛洪撰,1
三闲集,怀铅提,1
三闲集,罗兹基,1
三闲集,天津人,1
三闲集,衣履,1
三闲集,顾惜,1
三闲集,连安,1
三闲集,劳顿,1
三闲集,明敏,1
三闲集,小传,1
三闲集,王拔都,1
三闲集,太祖,1
三闲集,子术赤,1
三闲集,斯拉夫,1
三闲集,白痴,1
三闲集,铁木真,1
三闲集,元太祖,1
三闲集,立钦察,1
三闲集,高加索,1
三闲集,元太宗,1
三闲集,元定宗,1
三闲集,元宪宗,1
三闲集,梁赞,1
三闲集,孔夫子,1
三闲集,今敬谨,1
三闲集,鲁史,1
三闲集,仇孝,1
三闲集,德育,1
三闲集,雅训,1
三闲集,古圣贤,1
三闲集,廓清,1
三闲集,盛耶,1
三闲集,若乎,1
三闲集,张皇,1
三闲集,乐奏钧,1
三闲集,封相,1
三闲集,雅驯,1
三闲集,济公,1
三闲集,齐天大圣,1
三闲集,武松,1
三闲集,于予,1
三闲集,辟邪,1
三闲集,德政,1
三闲集,古之士,1
三闲集,文宣正,1
三闲集,唐开元,1
三闲集,宋元明,1
三闲集,清顺治,1
三闲集,文宣,1
三闲集,东邻,1
三闲集,斯文,1
三闲集,史官,1
三闲集,齐陈恒,1
三闲集,舒州,1
三闲集,齐三,1
三闲集,陈恒,1
三闲集,田恒,1
三闲集,齐简公,1
三闲集,鲁哀公,1
三闲集,孟孙,1
三闲集,无百雉,1
三闲集,季氏宰,1
三闲集,孙氏,1
三闲集,季孙氏,1
三闲集,乾道成,1
三闲集,孟轲,1
三闲集,杨墨者,1
三闲集,杨朱,1
三闲集,墨翟,1
三闲集,南子,1
三闲集,公冶长,1
三闲集,红布,1
三闲集,石叫石,1
三闲集,何相干,1
三闲集,那小巧,1
三闲集,陶醉,1
三闲集,魏书,1
三闲集,武帝纪,1
三闲集,裴松之,1
三闲集,杨修,1
三闲集,孔墨,1
三闲集,保镳,1
三闲集,凌辱,1
三闲集,宝爱,1
三闲集,章秋谷,1
三闲集,季氏,1
三闲集,春秋战国,1
三闲集,尚武,1
三闲集,秦汉,1
三闲集,许慎,1
三闲集,言必信,1
三闲集,道德观念,1
三闲集,陈遵,1
三闲集,居长安,1
三闲集,列侯,1
三闲集,牧守当,1
三闲集,韩非子,1
三闲集,汉成帝,1
三闲集,刘骜,1
三闲集,王谭,1
三闲集,王根,1
三闲集,王立,1
三闲集,王商,1
三闲集,封侯,1
三闲集,施耐庵,1
三闲集,方腊,1
三闲集,施仕纶,1
三闲集,黄天霸,1
三闲集,彭鹏,1
三闲集,石玉昆,1
三闲集,俞樾,1
三闲集,包拯,1
三闲集,张春帆,1
三闲集,张资平氏,1
二心集,鲁迅,65
二心集,蒲力汗,55
二心集,梁先生,41
二心集,左翼,32
二心集,梁实秋,30
二心集,明白,29
二心集,马克斯,28
二心集,列宁,23
二心集,文明,23
二心集,左联,22
二心集,言语,21
二心集,拓荒者,14
二心集,赵景深,13
二心集,达尔文,13
二心集,胡适,13
二心集,卢布,12
二心集,小传,12
二心集,唐三藏,12
二心集,蒋介石,11
二心集,普列汉诺,11
二心集,北斗,11
二心集,宣言,9
二心集,胡涂,9
二心集,花旗,9
二心集,赵老爷,8
二心集,卢那,8
二心集,成仿吾,8
二心集,古文,7
二心集,普罗文,7
二心集,白话文,7
二心集,严复,7
二心集,严正,7
二心集,门塞,7
二心集,小姐,7
二心集,罗曼,7
二心集,吉诃德,7
二心集,吴友如,7
二心集,元帅,6
二心集,朱应鹏,6
二心集,美的,6
二心集,胡适之,6
二心集,严又陵,6
二心集,光荣,6
二心集,富豪,6
二心集,郑振铎,6
二心集,西征,5
二心集,罗斯,5
二心集,友谊,5
二心集,傅彦长,5
二心集,左传,5
二心集,常燕生,5
二心集,冯雪峰,5
二心集,敬爱,5
二心集,容纳,5
二心集,叶灵凤,5
二心集,赵先生,5
二心集,罗隆基,5
二心集,茅盾,5
二心集,范朋克,5
二心集,胡蝶,5
二心集,郭沫若,5
二心集,鸳鸯蝴蝶,5
二心集,曲译,5
二心集,黄震遐,4
二心集,张大,4
二心集,夏娃,4
二心集,玛克,4
二心集,陈源,4
二心集,封信,4
二心集,严译,4
二心集,宁可,4
二心集,梁启超,4
二心集,桐城派,4
二心集,吴汝纶,4
二心集,赫胥黎,4
二心集,恩格斯,4
二心集,明星,4
二心集,毕亚兹,4
二心集,阿狗阿猫,4
二心集,陈西滢,4
二心集,特莱尔,4
二心集,段祺瑞,4
二心集,梅兰芳,4
二心集,王国维,4
二心集,檀道济,4
二心集,韩信,4
二心集,韦白,4
二心集,卢梭,4
二心集,蒋光慈,4
二心集,阿剌伯,3
二心集,孙子,3
二心集,冯玉祥,3
二心集,宋人,3
二心集,公正,3
二心集,宣统皇帝,3
二心集,刘大杰,3
二心集,孟子,3
二心集,王子,3
二心集,梅林,3
二心集,斯拉夫,3
二心集,普希金,3
二心集,左倾,3
二心集,权威,3
二心集,卢森堡,3
二心集,沙皇,3
二心集,冯乃超,3
二心集,卢那察,3
二心集,文生氏,3
二心集,契诃夫,3
二心集,叶永蓁,3
二心集,丁文江,3
二心集,佩韦,3
二心集,溥仪,3
二心集,樊仲云,3
二心集,香艳,3
二心集,武侠,3
二心集,宝贝,3
二心集,黛玉,3
二心集,李伟森,3
二心集,吴昌龄,3
二心集,恩惠,3
二心集,金镑,3
二心集,秦庭,3
二心集,才子佳人,3
二心集,石斋,3
二心集,浮世绘,3
二心集,旺盛起来,3
二心集,向培良,3
二心集,谢六逸,3
二心集,斯特大,3
二心集,凌叔华,3
二心集,老太爷,3
二心集,孙博士,3
二心集,宣传品,3
二心集,郑伯奇,3
二心集,蒋先生,3
二心集,傅彦长君,2
二心集,史传,2
二心集,成吉思汗,2
二心集,赵构,2
二心集,发扬踔厉,2
二心集,成吉思,2
二心集,诸夏,2
二心集,宋高宗,2
二心集,霍桑,2
二心集,詹谟士,2
二心集,汲汲,2
二心集,马氏文通,2
二心集,诸四裔,2
二心集,孔子,2
二心集,夏丐尊,2
二心集,子猷,2
二心集,子敬,2
二心集,焦先,2
二心集,墨斯科,2
二心集,马克思,2
二心集,孔丘,2
二心集,须信雅,2
二心集,文必夏,2
二心集,通顺,2
二心集,仓颉,2
二心集,文雅,2
二心集,诸子,2
二心集,金陵,2
二心集,林冲笑,2
二心集,辛克莱,2
二心集,瞿秋白,2
二心集,斯密,2
二心集,斯宾塞,2
二心集,陈独秀,2
二心集,博爱,2
二心集,布勒斯,2
二心集,罗若,2
二心集,薄墟曼,2
二心集,史郎,2
二心集,沙宁,2
二心集,道德,2
二心集,列宁选集,2
二心集,尔妙伦,2
二心集,斯蒂文,2
二心集,宝贵,2
二心集,史沫特莱,2
二心集,淞沪,2
二心集,查字典,2
二心集,神宙斯,2
二心集,凯歌,2
二心集,李守章,2
二心集,玉历钞,2
二心集,从军,2
二心集,允执厥中,2
二心集,显微镜,2
二心集,望远镜,2
二心集,方兴,2
二心集,孟子曰,2
二心集,原谅,2
二心集,白话诗,2
二心集,刘文典,2
二心集,孙中山,2
二心集,汪馥泉,2
二心集,任汪伪,2
二心集,宗教改革,2
二心集,温泉,2
二心集,爱尔兰,2
二心集,卓别林,2
二心集,范畴,2
二心集,玄妙,2
二心集,乐天,2
二心集,三剑客,2
二心集,范氏,2
二心集,王孙,2
二心集,不免有些,2
二心集,胡也频,2
二心集,冯铿,2
二心集,殷夫,2
二心集,杭州府,2
二心集,诸君,2
二心集,叶圣陶,2
二心集,汪精卫,2
二心集,西万提斯,2
二心集,孙陵,2
二心集,雷马克,2
二心集,申包胥,2
二心集,伍子胥,2
二心集,杨小楼,2
二心集,林妹妹,2
二心集,墨宝,2
二心集,叶先生,2
二心集,林琴南,2
二心集,高扬,2
二心集,祖宗,2
二心集,朱元璋,2
二心集,古体诗,2
二心集,石印,2
二心集,陈蝶仙,2
二心集,沈雁冰,2
二心集,奥勃洛,2
二心集,兰麻克,2
二心集,麻克,2
二心集,凤凰,2
二心集,唐书,2
二心集,文天祥,2
二心集,岳飞,2
二心集,林则徐,2
二心集,胡展堂,2
二心集,胡汉民,2
二心集,徐蔚南,2
二心集,张资平,2
二心集,唐突,2
二心集,戈兼,2
二心集,杨晋豪,2
二心集,胡胡,2
二心集,浮士德,2
二心集,阿尔泰,2
二心集,沈从文,2
二心集,潘光旦,2
二心集,唐译,2
二心集,富翁,2
二心集,耶夫,2
二心集,阿猫阿狗,2
二心集,来福枪,1
二心集,毛瑟枪,1
二心集,高逸,1
二心集,阎冯,1
二心集,德皇威,1
二心集,张开,1
二心集,爱抚,1
二心集,苏凤,1
二心集,甘豫庆,1
二心集,邵冠华,1
二心集,有坚卓,1
二心集,天在啸,1
二心集,徐之津,1
二心集,孔老二,1
二心集,妙文,1
二心集,晏敖,1
二心集,潘公展,1
二心集,范争波,1
二心集,王平陵,1
二心集,伯兮,1
二心集,阎锡山,1
二心集,傅君,1
二心集,王公,1
二心集,戴维斯,1
二心集,盛行于,1
二心集,希伯来,1
二心集,庄季裕,1
二心集,靖康,1
二心集,言夷狄,1
二心集,桓公,1
二心集,惠勒,1
二心集,朴素无华,1
二心集,美女图,1
二心集,李兰译,1
二心集,唐丰瑜,1
二心集,马克,1
二心集,马克吐温,1
二心集,爱伦,1
二心集,惠特曼,1
二心集,林肯,1
二心集,荷惠勒,1
二心集,詹姆斯,1
二心集,萧山人,1
二心集,大悦,1
二心集,文忠,1
二心集,敬谢不敏,1
二心集,胡同,1
二心集,孟夫子,1
二心集,有君臣,1
二心集,古圣贤,1
二心集,左舜生,1
二心集,马建忠,1
二心集,刘薰宇,1
二心集,梁惠王,1
二心集,朱熹,1
二心集,钟楼,1
二心集,陶然,1
二心集,王徽之,1
二心集,王献之,1
二心集,子敬俱,1
二心集,子敬先,1
二心集,子敬素,1
二心集,子敬琴,1
二心集,文三,1
二心集,苟延,1
二心集,于小,1
二心集,祖传,1
二心集,郁达夫,1
二心集,维尼,1
二心集,魏书,1
二心集,管宁,1
二心集,裴松之,1
二心集,魏略,1
二心集,牛庐,1
二心集,布草,1
二心集,小雅,1
二心集,无名氏,1
二心集,费功夫,1
二心集,小沙渡,1
二心集,木罗式,1
二心集,莱奋生,1
二心集,古老,1
二心集,王宫,1
二心集,阿呀阿,1
二心集,严老爷,1
二心集,侯官,1
二心集,信达雅,1
二心集,慎勿,1
二心集,严赵,1
二心集,宁信,1
二心集,费牙,1
二心集,章回体,1
二心集,慈善,1
二心集,高明,1
二心集,师范,1
二心集,曹靖华,1
二心集,卢氏,1
二心集,叶甫盖,1
二心集,奥涅金,1
二心集,顾信,1
二心集,尔雅,1
二心集,严子,1
二心集,甄克思,1
二心集,耶方思,1
二心集,黄帝,1
二心集,史官,1
二心集,常州人,1
二心集,庄子,1
二心集,卫灵公,1
二心集,方苞,1
二心集,姚鼐,1
二心集,唐宋八,1
二心集,达癲,1
二心集,鸠摩,1
二心集,高僧,1
二心集,马鸣著,1
二心集,南朝梁,1
二心集,斯大林,1
二心集,莫里斯,1
二心集,金斯莱,1
二心集,小圈子,1
二心集,德军,1
二心集,维克党,1
二心集,恩师,1
二心集,澹纾,1
二心集,澹臁玻,1
二心集,博引,1
二心集,农耕,1
二心集,林柏,1
二心集,林译,1
二心集,哈依洛,1
二心集,慕尼黑,1
二心集,党纲,1
二心集,阿尔志跋,1
二心集,孔德,1
二心集,黑格尔,1
二心集,斯达尔,1
二心集,保福保,1
二心集,基佐,1
二心集,布须曼,1
二心集,毕歇尔,1
二心集,夏康,1
二心集,张友松,1
二心集,高雅,1
二心集,汉官威仪,1
二心集,满清,1
二心集,古董,1
二心集,凯旋,1
二心集,夏衍,1
二心集,周扬,1
二心集,英勇,1
二心集,皮涅克,1
二心集,童生,1
二心集,由学政,1
二心集,文里,1
二心集,越轨,1
二心集,张以宽,1
二心集,明瑟,1
二心集,和安特,1
二心集,谈天,1
二心集,安特,1
二心集,安德烈,1
二心集,许霞译,1
二心集,何键,1
二心集,金银岛,1
二心集,王尔德,1
二心集,周全,1
二心集,周毓英,1
二心集,牛马,1
二心集,马牛,1
二心集,德国人,1
二心集,樊凯,1
二心集,万卡,1
二心集,阳历年,1
二心集,曾孙,1
二心集,玄孙,1
二心集,有志于,1
二心集,盛世,1
二心集,阴阳历,1
二心集,台静农,1
二心集,叶永秦,1
二心集,冷笑,1
二心集,霍丘,1
二心集,阎王,1
二心集,阎罗殿,1
二心集,乌托邦,1
二心集,胡椒,1
二心集,小汗,1
二心集,万全,1
二心集,克鲁泡,1
二心集,寄萍,1
二心集,那可真,1
二心集,颜渊,1
二心集,金銮殿,1
二心集,蒋召,1
二心集,武成,1
二心集,养心殿,1
二心集,康德,1
二心集,孙传芳,1
二心集,蒋为,1
二心集,蒋以,1
二心集,修正,1
二心集,安福,1
二心集,努力争取,1
二心集,冯余声,1
二心集,张作霖,1
二心集,李景林,1
二心集,余杭,1
二心集,富士山,1
二心集,郎君,1
二心集,陈设,1
二心集,神祠,1
二心集,石弩,1
二心集,比武,1
二心集,葛蕾,1
二心集,伊本纳,1
二心集,默示录,1
二心集,甘甜,1
二心集,凡尔登,1
二心集,黎明,1
二心集,普鲁士,1
二心集,张皇,1
二心集,宾汉,1
二心集,王之王,1
二心集,耶稣,1
二心集,安覃,1
二心集,愚夫愚妇,1
二心集,日莲宗,1
二心集,罗宾汉,1
二心集,许可,1
二心集,南伊之,1
二心集,云云,1
二心集,澹拢,1
二心集,那罗曼,1
二心集,宫殿,1
二心集,王座,1
二心集,高升,1
二心集,母性爱,1
二心集,亚理梭,1
二心集,毕兹,1
二心集,刘别谦,1
二心集,蒙太,1
二心集,玛尔,1
二心集,泰巴第,1
二心集,后继者,1
二心集,陈旧,1
二心集,古文明,1
二心集,林女侠,1
二心集,亦且,1
二心集,子孙,1
二心集,曾忆,1
二心集,安静,1
二心集,宾客,1
二心集,东宝,1
二心集,田中,1
二心集,大仲马,1
二心集,曹植,1
二心集,吴季,1
二心集,巴格达,1
二心集,阿拉伯,1
二心集,福州人,1
二心集,莫斯科,1
二心集,白莽,1
二心集,徐白,1
二心集,伏尔加,1
二心集,王明,1
二心集,于龙华,1
二心集,吴氏,1
二心集,墨守,1
二心集,单文孤证,1
二心集,史实,1
二心集,桂公塘,1
二心集,唐僧,1
二心集,静安,1
二心集,宋元,1
二心集,华盖,1
二心集,嘉兴府,1
二心集,宿见,1
二心集,丁玲,1
二心集,时髦,1
二心集,汤化龙,1
二心集,姜华,1
二心集,马裕藻,1
二心集,游侠,1
二心集,诸教,1
二心集,真茹镇,1
二心集,何幸如,1
二心集,马占山,1
二心集,包胥,1
二心集,秦哀公,1
二心集,紫金山,1
二心集,雷恩,1
二心集,体操,1
二心集,关云长,1
二心集,林黛玉,1
二心集,关老爷,1
二心集,多得很,1
二心集,关羽,1
二心集,云长,1
二心集,种小,1
二心集,旷达,1
二心集,贾宝玉,1
二心集,英雄豪杰,1
二心集,老调子,1
二心集,苏白,1
二心集,英文翻译,1
二心集,严亲,1
二心集,元老,1
二心集,克鲁,1
二心集,小便,1
二心集,明太祖,1
二心集,刘易士,1
二心集,明文,1
二心集,吴敬梓,1
二心集,封建礼教,1
二心集,罗懋,1
二心集,嘉猷,1
二心集,哈葛德,1
二心集,魏易,1
二心集,凡蟠溪,1
二心集,曲为迦,1
二心集,于迦因,1
二心集,林畏,1
二心集,贡其丑,1
二心集,天虚,1
二心集,金钢石,1
二心集,高剑华,1
二心集,包天笑,1
二心集,徐枕亚,1
二心集,周瘦鹃,1
二心集,张恨水,1
二心集,李大钊,1
二心集,易卜生,1
二心集,叶绍钧,1
二心集,王统照,1
二心集,吴宓,1
二心集,梅光迪,1
二心集,清宣统,1
二心集,王蕴章,1
二心集,巨大贡献,1
二心集,魏日青,1
二心集,江少虞,1
二心集,何言,1
二心集,林木,1
二心集,周建人,1
二心集,宣传者,1
二心集,朱德,1
二心集,帝王,1
二心集,大有希望,1
二心集,闻道,1
二心集,赵崇祈,1
二心集,秦穆公,1
二心集,丹凤,1
二心集,须养力,1
二心集,须先,1
二心集,王人美,1
二心集,薛玲仙,1
二心集,黎莉莉,1
二心集,里叶华,1
二心集,仲良,1
二心集,余立行,1
二心集,戎行,1
二心集,刘癲,1
二心集,欧阳修,1
二心集,汤阴,1
二心集,秦桧,1
二心集,宜秉,1
二心集,王铁华,1
二心集,汤增,1
二心集,吴县人,1
二心集,张若谷,1
二心集,齐晋,1
二心集,齐侯,1
二心集,张资平氏,1
二心集,乐群,1
二心集,史诗,1
二心集,沙士比,1
二心集,爱养,1
二心集,海水浴,1
二心集,乾隆帝,1
二心集,薛仁贵,1
二心集,屠夫,1
二心集,成仁,1
二心集,白光,1
二心集,解甲,1
二心集,苟安,1
二心集,杨子青,1
二心集,戈蒂叶,1
二心集,胡里胡涂,1
二心集,周太玄,1
二心集,何定杰,1
二心集,张志耀,1
二心集,吉八,1
二心集,戈理基,1
二心集,华升,1
二心集,谷虹儿,1
二心集,刘志清,1
二心集,高尔基,1
二心集,赵璜,1
二心集,安徒生,1
二心集,金桥,1
二心集,余波,1
二心集,小桥,1
二心集,徐志摩,1
二心集,杨妃,1
二心集,诸公,1
二心集,若夫,1
二心集,老婆子,1
二心集,兰花,1
二心集,王侯,1
二心集,张扬,1
二心集,和威垒,1
二心集,赛耶夫,1
二心集,羽毛未丰,1
二心集,左执,1
二心集,真太,1
二心集,克敌,1
二心集,蒋光,1
二心集,和开初,1
二心集,高喊,1
二心集,西滢,1
二心集,宝山,1
二心集,明清两代,1
二心集,嘉兴,1
二心集,马林,1
二心集,霍夫,1
二心集,苏汶译,1
二心集,司马迁,1
二心集,班固著,1
二心集,玄奘,1
二心集,吴楚材,1
二心集,吴调侯,1
二心集,李霁野,1
二心集,韦素园,1
二心集,名敬恒,1
二心集,武进,1
二心集,伽俐略,1
二心集,托勒密,1
二心集,哥白尼,1
二心集,卢骚,1
二心集,阿英,1
二心集,鲁那,1
二心集,别德,1
二心集,红旗,1
二心集,士敏土,1
二心集,杜荃,1
二心集,高加索,1
二心集,普特曼,1
二心集,陈洁,1
二心集,阿猫,1
二心集,阿狗,1
二心集,别进斯,1
二心集,马君武,1
二心集,屈拉钞,1
华盖集续编的续编,鲁迅,45
华盖集续编的续编,惠略夫,6
华盖集续编的续编,林文庆,6
华盖集续编的续编,高山寺,6
华盖集续编的续编,乌合,5
华盖集续编的续编,黄仲训,5
华盖集续编的续编,刘树杞,5
华盖集续编的续编,唐三藏,5
华盖集续编的续编,罗氏,5
华盖集续编的续编,易林,5
华盖集续编的续编,权威,4
华盖集续编的续编,金石,4
华盖集续编的续编,苏峰氏,4
华盖集续编的续编,罗振玉,4
华盖集续编的续编,周树人,3
华盖集续编的续编,籍夫,3
华盖集续编的续编,章太炎,3
华盖集续编的续编,宋玉,3
华盖集续编的续编,小峰,3
华盖集续编的续编,卓治,3
华盖集续编的续编,顾问,3
华盖集续编的续编,许广平,3
华盖集续编的续编,叶渊,3
华盖集续编的续编,雪堂,3
华盖集续编的续编,阴时夫,3
华盖集续编的续编,陈源,2
华盖集续编的续编,章士钊,2
华盖集续编的续编,梁启超,2
华盖集续编的续编,明白,2
华盖集续编的续编,孙伏园,2
华盖集续编的续编,涵庐,2
华盖集续编的续编,伏园,2
华盖集续编的续编,何作霖,2
华盖集续编的续编,杜小拴,2
华盖集续编的续编,宋振山,2
华盖集续编的续编,赵振,2
华盖集续编的续编,包龙图,2
华盖集续编的续编,郑振铎,2
华盖集续编的续编,高明,2
华盖集续编的续编,陈嘉庚,2
华盖集续编的续编,沈兼士,2
华盖集续编的续编,顾颉刚,2
华盖集续编的续编,圣祖仁,2
华盖集续编的续编,梅兰芳,2
华盖集续编的续编,国子监,2
华盖集续编的续编,武英殿,2
华盖集续编的续编,白露,2
华盖集续编的续编,蓝青官话,2
华盖集续编的续编,陈列,2
华盖集续编的续编,黄坚,2
华盖集续编的续编,宋刊,2
华盖集续编的续编,宋人,2
华盖集续编的续编,罗跋,2
华盖集续编的续编,宋本,2
华盖集续编的续编,缪荃荪,2
华盖集续编的续编,胡应麟,2
华盖集续编的续编,爱罗,2
华盖集续编的续编,云云,1
华盖集续编的续编,向培良,1
华盖集续编的续编,费功夫,1
华盖集续编的续编,牛乳,1
华盖集续编的续编,张罗,1
华盖集续编的续编,神飞,1
华盖集续编的续编,唐俟,1
华盖集续编的续编,雪之,1
华盖集续编的续编,索士,1
华盖集续编的续编,承迅,1
华盖集续编的续编,高雅,1
华盖集续编的续编,卫戍,1
华盖集续编的续编,杜枕,1
华盖集续编的续编,程步墀,1
华盖集续编的续编,周氏兄弟,1
华盖集续编的续编,陈西滢,1
华盖集续编的续编,绍兴人,1
华盖集续编的续编,楚王,1
华盖集续编的续编,阳春白雪,1
华盖集续编的续编,阿尔志跋,1
华盖集续编的续编,文中子,1
华盖集续编的续编,周公,1
华盖集续编的续编,包拯,1
华盖集续编的续编,曾官,1
华盖集续编的续编,龙图阁,1
华盖集续编的续编,梁社,1
华盖集续编的续编,乾译,1
华盖集续编的续编,罗曼,1
华盖集续编的续编,古文,1
华盖集续编的续编,日光岩,1
华盖集续编的续编,魏兆祺,1
华盖集续编的续编,福州人,1
华盖集续编的续编,林语堂,1
华盖集续编的续编,吴兴人,1
华盖集续编的续编,贝壳,1
华盖集续编的续编,老虎,1
华盖集续编的续编,宝贝,1
华盖集续编的续编,古董,1
华盖集续编的续编,子孙,1
华盖集续编的续编,张着帆,1
华盖集续编的续编,张二,1
华盖集续编的续编,张三,1
华盖集续编的续编,胡涂,1
华盖集续编的续编,罗马字,1
华盖集续编的续编,杨荫榆,1
华盖集续编的续编,清顺治,1
华盖集续编的续编,清王朝,1
华盖集续编的续编,南明永,1
华盖集续编的续编,王先谦,1
华盖集续编的续编,王士正,1
华盖集续编的续编,明监本,1
华盖集续编的续编,乾隆,1
华盖集续编的续编,白沙,1
华盖集续编的续编,花大,1
华盖集续编的续编,黄鹏,1
华盖集续编的续编,仁寿,1
华盖集续编的续编,荆棘,1
华盖集续编的续编,潘昂霄,1
华盖集续编的续编,黄宗羲,1
华盖集续编的续编,梁玉绳,1
华盖集续编的续编,李富孙,1
华盖集续编的续编,于家,1
华盖集续编的续编,红红,1
华盖集续编的续编,黄黄,1
华盖集续编的续编,严霜,1
华盖集续编的续编,韦素园,1
华盖集续编的续编,周南,1
华盖集续编的续编,汪洋,1
华盖集续编的续编,忆念,1
华盖集续编的续编,刘博士,1
华盖集续编的续编,胡适之,1
华盖集续编的续编,孔子,1
华盖集续编的续编,孔教,1
华盖集续编的续编,殷勤,1
华盖集续编的续编,任凭,1
华盖集续编的续编,宁可,1
华盖集续编的续编,碧玉,1
华盖集续编的续编,蓝青,1
华盖集续编的续编,楚青,1
华盖集续编的续编,振玉,1
华盖集续编的续编,陈丞相,1
华盖集续编的续编,海澄,1
华盖集续编的续编,荣誉,1
华盖集续编的续编,杜甫,1
华盖集续编的续编,公开信,1
华盖集续编的续编,师范,1
华盖集续编的续编,孔丘,1
华盖集续编的续编,支那,1
华盖集续编的续编,于元朝,1
华盖集续编的续编,明慧,1
华盖集续编的续编,尤精,1
华盖集续编的续编,书中,1
华盖集续编的续编,盖亦,1
华盖集续编的续编,宋讳,1
华盖集续编的续编,石印,1
华盖集续编的续编,唐突,1
华盖集续编的续编,廓大其,1
华盖集续编的续编,庄子,1
华盖集续编的续编,徐无鬼,1
华盖集续编的续编,闻人,1
华盖集续编的续编,焦赣,1
华盖集续编的续编,延寿,1
华盖集续编的续编,吴兴,1
华盖集续编的续编,蒋氏密,1
华盖集续编的续编,江阴人,1
华盖集续编的续编,阴幼遇,1
华盖集续编的续编,宋元,1
华盖集续编的续编,南迁,1
华盖集续编的续编,元瑞,1
华盖集续编,鲁迅,81
华盖集续编,章士钊,73
华盖集续编,陈西滢,70
华盖集续编,陈源,42
华盖集续编,段祺瑞,39
华盖集续编,徐志摩,36
华盖集续编,孤桐,29
华盖集续编,杨荫榆,17
华盖集续编,孔子,16
华盖集续编,西滢,16
华盖集续编,何典,15
华盖集续编,明白,14
华盖集续编,徐谦,13
华盖集续编,袁世凯,13
华盖集续编,刘和珍,13
华盖集续编,权威,12
华盖集续编,师爷,12
华盖集续编,李四光,12
华盖集续编,溥仪,10
华盖集续编,张勋,10
华盖集续编,刘百昭,10
华盖集续编,支那,9
华盖集续编,杨德群,9
华盖集续编,黄帝,8
华盖集续编,老婆子,8
华盖集续编,胡同,8
华盖集续编,惠略夫,8
华盖集续编,冯玉祥,7
华盖集续编,索薪,7
华盖集续编,石印,7
华盖集续编,胡适,7
华盖集续编,张作霖,7
华盖集续编,卢布,7
华盖集续编,子孙,7
华盖集续编,赵子昂,7
华盖集续编,曹锟,7
华盖集续编,吴佩孚,6
华盖集续编,宝贵,6
华盖集续编,孔丘,6
华盖集续编,勃朗宁,6
华盖集续编,陶孟,6
华盖集续编,汪原,6
华盖集续编,西医,6
华盖集续编,梁启超,6
华盖集续编,但丁,6
华盖集续编,凌叔华,6
华盖集续编,宋江,5
华盖集续编,胡适之,5
华盖集续编,孙传芳,5
华盖集续编,文明,5
华盖集续编,老妈子,5
华盖集续编,左拉,5
华盖集续编,晏子,5
华盖集续编,李景林,5
华盖集续编,刘半农,5
华盖集续编,华盖,5
华盖集续编,李教授,5
华盖集续编,黄口小儿,5
华盖集续编,唐人,5
华盖集续编,胡羊,5
华盖集续编,黎元洪,4
华盖集续编,小峰,4
华盖集续编,田妈,4
华盖集续编,道德,4
华盖集续编,玉君,4
华盖集续编,绍兴人,4
华盖集续编,景宋,4
华盖集续编,达尔文,4
华盖集续编,金圣叹,4
华盖集续编,孙伏园,4
华盖集续编,古冶子,4
华盖集续编,胡涂,4
华盖集续编,项羽,4
华盖集续编,半天空,4
华盖集续编,曼殊斐儿,4
华盖集续编,苍生何,4
华盖集续编,塞文狄斯,4
华盖集续编,彭允彝,4
华盖集续编,加尔,4
华盖集续编,李大钊,3
华盖集续编,顾兆熊,3
华盖集续编,孙中山,3
华盖集续编,贾德耀,3
华盖集续编,周树人,3
华盖集续编,许寿裳,3
华盖集续编,马裕藻,3
华盖集续编,玉皇大帝,3
华盖集续编,宣言,3
华盖集续编,常怀,3
华盖集续编,小约翰,3
华盖集续编,涵芬楼,3
华盖集续编,顾忌,3
华盖集续编,孔德,3
华盖集续编,杨振声,3
华盖集续编,和斯辉,3
华盖集续编,乔峰,3
华盖集续编,老先生,3
华盖集续编,关岳,3
华盖集续编,玄孙,3
华盖集续编,胡答,3
华盖集续编,霍丘,3
华盖集续编,许褚,3
华盖集续编,郭松龄,3
华盖集续编,孟子,3
华盖集续编,晏子春秋,3
华盖集续编,梁父吟,3
华盖集续编,泰戈尔,3
华盖集续编,诸葛亮,3
华盖集续编,耶稣,3
华盖集续编,辛丑,3
华盖集续编,小姐,3
华盖集续编,刘复,3
华盖集续编,古文,3
华盖集续编,林立,3
华盖集续编,宣武门,3
华盖集续编,许广平,3
华盖集续编,陶潜,3
华盖集续编,萧伯,3
华盖集续编,萧伯纳,3
华盖集续编,王芝,3
华盖集续编,白话文,3
华盖集续编,蔡钧,3
华盖集续编,杰村,3
华盖集续编,马弁,3
华盖集续编,郭巨,3
华盖集续编,朱深,3
华盖集续编,师兄,3
华盖集续编,胡闹,3
华盖集续编,家翰笙,3
华盖集续编,庄士敦,3
华盖集续编,柏林,3
华盖集续编,张之洞,3
华盖集续编,隋书,3
华盖集续编,罗家伦,3
华盖集续编,谷氏,3
华盖集续编,徐树铮,3
华盖集续编,阿尔志跋,3
华盖集续编,任可澄,3
华盖集续编,和蔼,3
华盖集续编,张静,3
华盖集续编,布成,2
华盖集续编,易培基,2
华盖集续编,何谓,2
华盖集续编,封神,2
华盖集续编,含胡,2
华盖集续编,梁书,2
华盖集续编,仰天,2
华盖集续编,周道登,2
华盖集续编,盛世,2
华盖集续编,黎明,2
华盖集续编,季裕,2
华盖集续编,庄季裕,2
华盖集续编,曾孙,2
华盖集续编,叶子,2
华盖集续编,丁文江,2
华盖集续编,牛荣声,2
华盖集续编,刘海粟,2
华盖集续编,言语,2
华盖集续编,道德家,2
华盖集续编,袁枚,2
华盖集续编,光荣,2
华盖集续编,布宁,2
华盖集续编,关了门,2
华盖集续编,强汝询,2
华盖集续编,俞樾,2
华盖集续编,段成式,2
华盖集续编,清咸丰,2
华盖集续编,关羽,2
华盖集续编,岳飞,2
华盖集续编,麻木,2
华盖集续编,陆军,2
华盖集续编,曹操,2
华盖集续编,释迦牟尼,2
华盖集续编,本华尔,2
华盖集续编,释迦,2
华盖集续编,和尚,2
华盖集续编,墨翟,2
华盖集续编,关龙,2
华盖集续编,赫胥黎,2
华盖集续编,克鲁,2
华盖集续编,小乘,2
华盖集续编,华尔,2
华盖集续编,安特,2
华盖集续编,滕文公,2
华盖集续编,小雅,2
华盖集续编,章行严,2
华盖集续编,庄子,2
华盖集续编,雷榆,2
华盖集续编,史实,2
华盖集续编,黄狗,2
华盖集续编,张宗昌,2
华盖集续编,常维钧,2
华盖集续编,李小峰,2
华盖集续编,陶焕卿,2
华盖集续编,江阴人,2
华盖集续编,介亭,2
华盖集续编,李慈铭,2
华盖集续编,胡胡,2
华盖集续编,吕端,2
华盖集续编,唐傅,2
华盖集续编,武平,2
华盖集续编,彭城,2
华盖集续编,欧阳修,2
华盖集续编,袁石,2
华盖集续编,陈忱,2
华盖集续编,诸书,2
华盖集续编,吴玉帅,2
华盖集续编,张其,2
华盖集续编,古德诺,2
华盖集续编,王世杰,2
华盖集续编,任国桢,2
华盖集续编,伊凡,2
华盖集续编,迪威,2
华盖集续编,李太白,2
华盖集续编,杨朱,2
华盖集续编,韦素园,2
华盖集续编,夏曾,2
华盖集续编,慈善,2
华盖集续编,刘向,2
华盖集续编,不免有些,2
华盖集续编,田野,2
华盖集续编,吉柏希,2
华盖集续编,周氏兄弟,2
华盖集续编,公正,2
华盖集续编,菲薄,2
华盖集续编,曹丕,2
华盖集续编,曹植,2
华盖集续编,刘玄德,2
华盖集续编,宋公明,2
华盖集续编,徐养,2
华盖集续编,和民,2
华盖集续编,云云,2
华盖集续编,姜华,2
华盖集续编,丁兰,2
华盖集续编,朱熹,2
华盖集续编,薛广,2
华盖集续编,王春娥,2
华盖集续编,薛倚,2
华盖集续编,碧桃,2
华盖集续编,原谅,2
华盖集续编,扶清灭,2
华盖集续编,燕树棠,2
华盖集续编,愚君,2
华盖集续编,张龙,2
华盖集续编,赵虎,2
华盖集续编,沙滩,2
华盖集续编,大琦,2
华盖集续编,南池子,2
华盖集续编,封藩,2
华盖集续编,小学生,2
华盖集续编,师生,2
华盖集续编,谢安,2
华盖集续编,陈翰笙,2
华盖集续编,了沫若,2
华盖集续编,大本的,2
华盖集续编,胡子,2
华盖集续编,周兴,2
华盖集续编,别传,2
华盖集续编,花之寺,2
华盖集续编,伊卜生,2
华盖集续编,蒋梦麟,2
华盖集续编,李思浩,2
华盖集续编,阿派,2
华盖集续编,武功,2
华盖集续编,张献忠,2
华盖集续编,师范,2
华盖集续编,林素园,2
华盖集续编,罗伯斯庇,2
华盖集续编,程君,2
华盖集续编,小铃铎,2
华盖集续编,洪水猛兽,1
华盖集续编,嘉许,1
华盖集续编,玉帝,1
华盖集续编,莫妙,1
华盖集续编,高明,1
华盖集续编,敬信,1
华盖集续编,王弘传,1
华盖集续编,沈昭略,1
华盖集续编,顾盼,1
华盖集续编,融殊,1
华盖集续编,扶桑,1
华盖集续编,汤谷,1
华盖集续编,徐勉传,1
华盖集续编,杨恽,1
华盖集续编,孙会宗,1
华盖集续编,文秉,1
华盖集续编,诸臣,1
华盖集续编,倪嗣冲,1
华盖集续编,许仲琳,1
华盖集续编,陆西星,1
华盖集续编,皮鞭,1
华盖集续编,玄绰,1
华盖集续编,嘉惠,1
华盖集续编,敬礼,1
华盖集续编,小衫,1
华盖集续编,易懂,1
华盖集续编,方玄绰,1
华盖集续编,宋洪迈,1
华盖集续编,吴傅朋,1
华盖集续编,安丰军,1
华盖集续编,舒州,1
华盖集续编,李逵,1
华盖集续编,于乾道,1
华盖集续编,舒民,1
华盖集续编,宋庄,1
华盖集续编,索麦,1
华盖集续编,陈泰,1
华盖集续编,余童,1
华盖集续编,梁山泊,1
华盖集续编,宋妻,1
华盖集续编,宋之,1
华盖集续编,宋者,1
华盖集续编,王荆公,1
华盖集续编,梁山,1
华盖集续编,宋元,1
华盖集续编,泰字志,1
华盖集续编,张起岩,1
华盖集续编,丁未,1
华盖集续编,博览,1
华盖集续编,阿伯拉,1
华盖集续编,那本书,1
华盖集续编,须连,1
华盖集续编,姜汁,1
华盖集续编,介涅夫,1
华盖集续编,特操,1
华盖集续编,太敏,1
华盖集续编,从宽,1
华盖集续编,老旦,1
华盖集续编,花旦,1
华盖集续编,安静,1
华盖集续编,今天下午,1
华盖集续编,德清,1
华盖集续编,施耐庵,1
华盖集续编,洪迈,1
华盖集续编,张元济,1
华盖集续编,清徐,1
华盖集续编,藏书楼,1
华盖集续编,金侃,1
华盖集续编,苏州人,1
华盖集续编,诸侯,1
华盖集续编,怀仁堂,1
华盖集续编,淞沪,1
华盖集续编,华方,1
华盖集续编,裸裎袒裼,1
华盖集续编,佐佐木,1
华盖集续编,穆天子,1
华盖集续编,斯密斯,1
华盖集续编,博文,1
华盖集续编,都介涅夫,1
华盖集续编,屠格涅夫,1
华盖集续编,顾嗣立,1
华盖集续编,淳母,1
华盖集续编,柯古,1
华盖集续编,袁权,1
华盖集续编,于江宁,1
华盖集续编,元仁宗,1
华盖集续编,唐宣宗,1
华盖集续编,阳晔,1
华盖集续编,子贡曰,1
华盖集续编,尔雅,1
华盖集续编,李时珍,1
华盖集续编,向恺然,1
华盖集续编,施宿著,1
华盖集续编,宋宁宗,1
华盖集续编,周肇祥,1
华盖集续编,清嘉庆,1
华盖集续编,采鞠轩,1
华盖集续编,施宿,1
华盖集续编,吴兴人,1
华盖集续编,周建人,1
华盖集续编,韦丛,1
华盖集续编,蒲宁,1
华盖集续编,佩雅堂,1
华盖集续编,魏晋,1
华盖集续编,雅驯,1
华盖集续编,覃著,1
华盖集续编,于家,1
华盖集续编,陈腐,1
华盖集续编,杨禹昌,1
华盖集续编,张先培,1
华盖集续编,黄之萌,1
华盖集续编,和炸良弼,1
华盖集续编,家珍,1
华盖集续编,彭三人,1
华盖集续编,雷殷,1
华盖集续编,屈映光,1
华盖集续编,马超,1
华盖集续编,毛宗岗,1
华盖集续编,吴县人,1
华盖集续编,汉朝人,1
华盖集续编,惜哉,1
华盖集续编,终然,1
华盖集续编,文武全才,1
华盖集续编,尼姑,1
华盖集续编,阎罗,1
华盖集续编,盖亦,1
华盖集续编,安德烈,1
华盖集续编,花与歌,1
华盖集续编,盛赞,1
华盖集续编,夏禹,1
华盖集续编,魏益,1
华盖集续编,老聃,1
华盖集续编,夏桀,1
华盖集续编,宣传者,1
华盖集续编,克鲁泡,1
华盖集续编,查明真相,1
华盖集续编,公开信,1
华盖集续编,晋书,1
华盖集续编,王献之,1
华盖集续编,宣武,1
华盖集续编,德胜,1
华盖集续编,西直,1
华盖集续编,和景公,1
华盖集续编,左操,1
华盖集续编,若冶,1
华盖集续编,那二士,1
华盖集续编,士钊,1
华盖集续编,荣幸,1
华盖集续编,晏婴,1
华盖集续编,平仲,1
华盖集续编,梁甫吟,1
华盖集续编,楚调,1
华盖集续编,雪之,1
华盖集续编,夏之交,1
华盖集续编,冯军,1
华盖集续编,段宅,1
华盖集续编,章曾,1
华盖集续编,徐图,1
华盖集续编,梁纥,1
华盖集续编,萨克,1
华盖集续编,天良,1
华盖集续编,蔚麟,1
华盖集续编,今天上午,1
华盖集续编,查良钊,1
华盖集续编,胡仁源,1
华盖集续编,查明,1
华盖集续编,宁帖,1
华盖集续编,文士之,1
华盖集续编,诸公,1
华盖集续编,灵敏,1
华盖集续编,雨潇潇,1
华盖集续编,章回体,1
华盖集续编,陈得仁,1
华盖集续编,维钧,1
华盖集续编,宛平,1
华盖集续编,扬鞭,1
华盖集续编,阳湖派,1
华盖集续编,真幸福,1
华盖集续编,富翁,1
华盖集续编,老远,1
华盖集续编,若有志,1
华盖集续编,余波,1
华盖集续编,福泽,1
华盖集续编,玄妙,1
华盖集续编,鹿茸,1
华盖集续编,龙胆,1
华盖集续编,丁几,1
华盖集续编,森罗万象,1
华盖集续编,胡卢,1
华盖集续编,陈锡,1
华盖集续编,醉翁亭,1
华盖集续编,秦中,1
华盖集续编,士林,1
华盖集续编,黄棕色,1
华盖集续编,黄尘,1
华盖集续编,敬畏,1
华盖集续编,李国恒,1
华盖集续编,于太,1
华盖集续编,莫明,1
华盖集续编,大有希望,1
华盖集续编,宿一宵,1
华盖集续编,吴氏迟,1
华盖集续编,张开,1
华盖集续编,卜辞,1
华盖集续编,陶渊明,1
华盖集续编,仁义,1
华盖集续编,唐尧,1
华盖集续编,许铭伯,1
华盖集续编,顾问,1
华盖集续编,宋太宗,1
华盖集续编,宋史,1
华盖集续编,吕端传,1
华盖集续编,陈锡路,1
华盖集续编,醉翁亭记,1
华盖集续编,秦中后,1
华盖集续编,李霁野,1
华盖集续编,谢天恩,1
华盖集续编,温良,1
华盖集续编,杨丹初,1
华盖集续编,英译,1
华盖集续编,阴晴,1
华盖集续编,梅雨期,1
华盖集续编,乌云,1
华盖集续编,马克斯,1
华盖集续编,宝藏,1
华盖集续编,代之,1
华盖集续编,陈列,1
华盖集续编,张三,1
华盖集续编,果戈理,1
华盖集续编,忆韦素,1
华盖集续编,皮涅克,1
华盖集续编,竺国,1
华盖集续编,里培,1
华盖集续编,满堂,1
华盖集续编,李白,1
华盖集续编,西成纪,1
华盖集续编,秦安,1
华盖集续编,通泽,1
华盖集续编,史纲,1
华盖集续编,薄罗,1
华盖集续编,别后,1
华盖集续编,向后转,1
华盖集续编,南瓜子,1
华盖集续编,孔颖达,1
华盖集续编,郑玄,1
华盖集续编,古礼,1
华盖集续编,涵庐,1
华盖集续编,吉卜赛,1
华盖集续编,却明明,1
华盖集续编,梅花,1
华盖集续编,孤山,1
华盖集续编,古梅,1
华盖集续编,郭沫若,1
华盖集续编,郁达夫,1
华盖集续编,丁西林,1
华盖集续编,蔡元培,1
华盖集续编,章太炎,1
华盖集续编,卡立大斯,1
华盖集续编,曲谅,1
华盖集续编,祖传,1
华盖集续编,吴先生,1
华盖集续编,古董,1
华盖集续编,名敬恒,1
华盖集续编,武进,1
华盖集续编,南菁,1
华盖集续编,于章,1
华盖集续编,韩非子,1
华盖集续编,田芮,1
华盖集续编,汉重,1
华盖集续编,宋重,1
华盖集续编,巴蜀,1
华盖集续编,恩惠,1
华盖集续编,吉祥,1
华盖集续编,贝子花园,1
华盖集续编,何曾,1
华盖集续编,廉士,1
华盖集续编,养儿,1
华盖集续编,兰乃,1
华盖集续编,汉宣帝,1
华盖集续编,嘉之,1
华盖集续编,程颢,1
华盖集续编,程氏,1
华盖集续编,明经科,1
华盖集续编,文登,1
华盖集续编,杨善,1
华盖集续编,无名氏,1
华盖集续编,骆宏勋,1
华盖集续编,贺世赖,1
华盖集续编,朱氏,1
华盖集续编,绿林好汉,1
华盖集续编,了四杰,1
华盖集续编,玄德,1
华盖集续编,西蜀,1
华盖集续编,任直隶,1
华盖集续编,齐撄,1
华盖集续编,安危,1
华盖集续编,莫谈国,1
华盖集续编,莫如,1
华盖集续编,余泽,1
华盖集续编,李慧,1
华盖集续编,才智,1
华盖集续编,胡晋接,1
华盖集续编,毛发,1
华盖集续编,若真,1
华盖集续编,清王朝,1
华盖集续编,白银,1
华盖集续编,屠伯,1
华盖集续编,白旗,1
华盖集续编,成则为王,1
华盖集续编,连愚,1
华盖集续编,侍奉,1
华盖集续编,隆中对,1
华盖集续编,今操,1
华盖集续编,溥天,1
华盖集续编,王土,1
华盖集续编,王臣,1
华盖集续编,通普,1
华盖集续编,邵陵,1
华盖集续编,王纶,1
华盖集续编,太清,1
华盖集续编,侯景,1
华盖集续编,高祖,1
华盖集续编,梁武帝,1
华盖集续编,萧衍,1
华盖集续编,帝武乙,1
华盖集续编,普天同庆,1
华盖集续编,刘千昭,1
华盖集续编,爱尔兰,1
华盖集续编,塞文狄,1
华盖集续编,尚希,1
华盖集续编,宝贝,1
华盖集续编,托福,1
华盖集续编,李仲揆,1
华盖集续编,公允,1
华盖集续编,红黄蓝,1
华盖集续编,白黑,1
华盖集续编,刘于,1
华盖集续编,曾引芮,1
华盖集续编,斯宾塞,1
华盖集续编,安石,1
华盖集续编,无锡人,1
华盖集续编,郑孝,1
华盖集续编,田子方,1
华盖集续编,缪荃孙,1
华盖集续编,班固,1
华盖集续编,魏征,1
华盖集续编,雪莱,1
华盖集续编,哈代,1
华盖集续编,罗赛蒂,1
华盖集续编,丁燮林,1
华盖集续编,天津人,1
华盖集续编,封信里,1
华盖集续编,成其为,1
华盖集续编,敬谨,1
华盖集续编,支薪,1
华盖集续编,矫正,1
华盖集续编,祖宗,1
华盖集续编,贾氏,1
华盖集续编,连陈源,1
华盖集续编,今年夏天,1
华盖集续编,慧心,1
华盖集续编,冷笑,1
华盖集续编,扬言,1
华盖集续编,傅斯年,1
华盖集续编,望勿,1
华盖集续编,于正人,1
华盖集续编,封信,1
华盖集续编,吴兴,1
华盖集续编,吴升,1
华盖集续编,林玉堂,1
华盖集续编,林先生,1
华盖集续编,费厄泼赖,1
华盖集续编,秦汉,1
华盖集续编,查清,1
华盖集续编,空旷,1
华盖集续编,秋士,1
华盖集续编,唐则天,1
华盖集续编,文昌,1
华盖集续编,太后,1
华盖集续编,来俊臣,1
华盖集续编,太宏傅,1
华盖集续编,张大,1
华盖集续编,曹雪芹,1
华盖集续编,高鹗,1
华盖集续编,王谟,1
华盖集续编,乾隆,1
华盖集续编,华兹,1
华盖集续编,陈学昭,1
华盖集续编,柴霍甫,1
华盖集续编,亚兹莱,1
华盖集续编,蔡锷,1
华盖集续编,冯原,1
华盖集续编,清废帝,1
华盖集续编,陈通伯,1
华盖集续编,封信中,1
华盖集续编,游侠,1
华盖集续编,连卫道,1
华盖集续编,廓清,1
华盖集续编,吉诃德,1
华盖集续编,邵飘萍,1
华盖集续编,宋发,1
华盖集续编,曾毓隽,1
华盖集续编,易卜生,1
华盖集续编,古鲁,1
华盖集续编,多得很,1
华盖集续编,川民,1
华盖集续编,林氏,1
华盖集续编,向培良,1
华盖集续编,毛丫头,1
华盖集续编,安顺,1
华盖集续编,福建人,1
华盖集续编,牛马,1
华盖集续编,后继者,1
华盖集续编,有志于,1
华盖集续编,诸君,1
华盖集续编,吉隆,1
华盖集续编,立仆,1
华盖集续编,永存,1
华盖集续编,余悲,1
华盖集续编,南昌人,1
华盖集续编,杨于,1
华盖集续编,郑德音,1
华盖集续编,姜伯,1
华盖集续编,奥妙,1
华盖集续编,长一智,1
华盖集续编,洪宪,1
华盖集续编,杨度,1
华盖集续编,曲礼,1
